Polling Firm,Fieldwork Period,United Right,Civic Coalition,The Left,Polish Coalition,Confederation,Poland 2050,Kukiz'15,Agreement,Law and Justice,Civic Platform,.Nowoczesna,Polish People's Party,Democratic Left Alliance,KORWiN,Razem,Spring,Your Movement,United Left,Others / Don't know
CBOS,5–15 Sep 2022,30,21,6,2,4,10,1,-,-,-,w. CC,-,-,-,-,-,-,-,21
IBRiS / Onet,13 Sep 2022,31.6,26.1,9.2,6.2,5.6,13.4,-,-,-,-,w. CC,-,-,-,-,-,-,-,7.9
Social Changes / wPolityce.pl,9–12 Sep 2022,36,26,8,7,2,10,2,1,-,-,w. CC,-,-,-,-,-,-,-,2
United Surveys / WP.pl,9–11 Sep 2022,32.9,26.2,8.6,5.2,4.2,12.9,-,-,-,-,w. CC,-,-,-,-,-,-,-,10.0
Estymator / DoRzeczy.pl,8–9 Sep 2022,37.0,26.1,9.9,6.7,6.7,11.8,1.6,-,-,-,w. CC,-,-,-,-,-,-,-,0.3
IPSOS / OKO.press,6–8 Sep 2022,33,26,8,5,7,12,-,-,-,-,w. CC,-,-,-,-,-,-,-,8
Kantar Public,2–7 Sep 2022,29,27,7,3,6,8,3,1,-,-,w. CC,-,-,-,-,-,-,-,16
Social Changes / wPolityce.pl,2–5 Sep 2022,36,29,8,5,8,11,1,1,-,-,w. CC,-,-,-,-,-,-,-,1
IBRiS / ZET,2–3 Sep 2022,33.2,26.9,7.3,5.4,4.2,14.5,-,-,-,-,w. CC,-,-,-,-,-,-,-,8.5
"United Surveys / DGP, RMF",1 Sep 2022,32.0,25.0,8.1,5.3,5.6,13.3,-,-,-,-,w. CC,-,-,-,-,-,-,-,10.6
Social Changes / wPolityce.pl,26–29 Aug 2022,39,26,8,4,8,10,2,1,-,-,w. CC,-,-,-,-,-,-,-,2
Research Partner,26–29 Aug 2022,35.2,25.6,8.0,4.6,5.3,8.2,1.6,0.8,-,-,w. CC,-,-,-,-,-,-,-,10.7
United Surveys / WP.pl,27–28 Aug 2022,31.6,25.9,9.5,4.8,5.1,14.0,-,-,-,-,w. CC,-,-,-,-,-,-,-,9.1
"IBRiS / ""Rz""",26–27 Aug 2022,30.9,25.8,10.1,5.2,3.0,12.1,-,-,-,-,w. CC,-,-,-,-,-,-,-,12.9
Estymator / DoRzeczy.pl,25–26 Aug 2022,36.0,28.1,10.6,6.9,6.3,10.1,1.8,-,-,-,w. CC,-,-,-,-,-,-,-,0.2
CBOS,14–25 Aug 2022,31,21,4,2,7,10,1,1,-,-,w. CC,-,-,-,-,-,-,-,-
Pollster / SE.pl,23–24 Aug 2022,34.45,29.69,9.36,6.20,5.62,12.25,1.22,0.78,-,-,w. CC,-,-,-,-,-,-,-,0.45
Social Changes / wPolityce.pl,19–22 Aug 2022,36,27,9,4,9,10,2,1,-,-,w. CC,-,-,-,-,-,-,-,2
Kantar / TVN,17–18 Aug 2022,29,27,7,2,8,13,1,0,-,-,w. CC,-,-,-,-,-,-,-,13
IBSP,12–17 Aug 2022,33.70,29.09,7.63,3.22,6.06,16.63,-,-,-,-,w. CC,-,-,-,-,-,-,-,3.67
Social Changes / wPolityce.pl,12–15 Aug 2022,39,28,9,4,9,8,1,0,-,-,w. CC,-,-,-,-,-,-,-,2
Research Partner,12–15 Aug 2022,34.7,25.8,7.4,4.2,5.7,8.5,2.0,0.3,-,-,w. CC,-,-,-,-,-,-,-,11.4
Estymator / DoRzeczy.pl,11–12 Aug 2022,36.8,26.8,11.0,7.2,6.6,9.7,1.7,-,-,-,w. CC,-,-,-,-,-,-,-,0.2
Kantar Public,5–10 Aug 2022,30,26,9,4,4,9,2,1,-,-,w. CC,-,-,-,-,-,-,-,16
Social Changes / wPolityce.pl,5–8 Aug 2022,37,31,8,5,8,7,2,1,-,-,w. CC,-,-,-,-,-,-,-,1
Social Changes / wPolityce.pl,29 Jul–1 Aug 2022,38,27,8,3,9,10,2,1,-,-,w. CC,-,-,-,-,-,-,-,2
Research Partner,28 Jul–1 Aug 2022,38.2,25.8,7.4,5.7,6.1,7.7,2.0,0.1,-,-,w. CC,-,-,-,-,-,-,-,7.1
United Surveys / WP.pl,29–31 Jul 2022,33.2,27.1,8.5,6.6,4.6,11.4,-,-,-,-,w. CC,-,-,-,-,-,-,-,8.6
Estymator / DoRzeczy.pl,28–29 Jul 2022,36.6,26.4,11.6,7.1,6.9,9.5,1.5,-,-,-,w. CC,-,-,-,-,-,-,-,0.4
IBRiS / Onet,26 Jul 2022,34.9,26.5,9.5,5.1,5.6,11.6,-,-,-,-,w. CC,-,-,-,-,-,-,-,6.8
Social Changes / wPolityce.pl,22–25 Jul 2022,37,30,7,4,8,10,2,1,-,-,w. CC,-,-,-,-,-,-,-,1
United Surveys / WP.pl,22–23 Jul 2022,34.2,25.9,9.8,6.3,4.0,9.4,-,-,-,-,w. CC,-,-,-,-,-,-,-,10.4
Kantar Public,15–20 Jul 2022,26,27,8,5,6,8,3,1,-,-,w. CC,-,-,-,-,-,-,-,16
Pollster / SE.pl,19 Jul 2022,33.80,27.33,12.69,5.13,8.66,11.01,0.68,0.40,-,-,w. CC,-,-,-,-,-,-,-,0.30
Social Changes / wPolityce.pl,15–18 Jul 2022,39,27,8,3,9,10,2,0,-,-,w. CC,-,-,-,-,-,-,-,2
Estymator / DoRzeczy.pl,15–16 Jul 2022,37.1,26.6,11.2,6.6,7.0,9.7,1.6,-,-,-,w. CC,-,-,-,-,-,-,-,0.2
Social Changes / wPolityce.pl,8–11 Jul 2022,39,26,9,4,9,11,1,0,-,-,w. CC,-,-,-,-,-,-,-,1
Research Partner,8–11 Jul 2022,33.9,26.6,8.1,4.8,4.9,7.7,2.1,0.6,-,-,w. CC,-,-,-,-,-,-,-,11.2
CBOS,27 Jun–7 Jul 2022,33,18,5,3,6,8,1,-,-,-,w. CC,-,-,-,-,-,-,-,22
ewybory.eu,1 Jun–6 Jul 2022,34.17,28.10,14.78,3.77,07.02,7.41,-,-,-,-,w. CC,-,-,-,-,-,-,-,4.76
IBRiS / ZET,5 Jul 2022,33.7,25.2,8.5,5.1,6.0,9.8,-,-,-,-,w. CC,-,-,-,-,-,-,-,11.7
Social Changes / wPolityce.pl,1–4 Jul 2022,37,26,8,5,9,10,2,1,-,-,w. CC,-,-,-,-,-,-,-,2
United Surveys / WP.pl,1–2 Jul 2022,33.1,24.7,9.4,4.6,6.3,10.7,-,-,-,-,w. CC,-,-,-,-,-,-,-,11.2
Social Changes / wPolityce.pl,24–27 Jun 2022,37,26,9,4,9,11,2,1,-,-,w. CC,-,-,-,-,-,-,-,1
Research Partner,24–27 Jun 2022,34.4,24.5,7.8,4.7,6.2,9.6,1.1,0.8,-,-,w. CC,-,-,-,-,-,-,-,10.9
Estymator / DoRzeczy.pl,23–24 Jun 2022,38.0,26.9,11.8,6.9,5.9,8.4,1.8,-,-,-,w. CC,-,-,-,-,-,-,-,0.3
Kantar / TVN,22–23 Jun 2022,31,26,8,2,6,10,1,0,-,-,w. CC,-,-,-,-,-,-,-,16
Pollster / SE.pl,21–22 Jun 2022,35.28,23.88,10.68,6.63,5.97,13.68,1.24,01.03,-,-,w. CC,-,-,-,-,-,-,-,1.61
Social Changes / wPolityce.pl,17–20 Jun 2022,37,27,9,4,7,11,2,2,-,-,w. CC,-,-,-,-,-,-,-,1
United Surveys / WP.pl,17–19 Jun 2022,34.2,25.5,9.2,5.2,5.3,7.0,-,-,-,-,w. CC,-,-,-,-,-,-,-,13.6
"IBRiS / ""Rz""",17–18 Jun 2022,34.5,25.4,8.4,5.5,4.7,9.6,-,-,-,-,w. CC,-,-,-,-,-,-,-,11.9
Research Partner,10–13 Jun 2022,32.8,23.0,7.7,4.4,5.4,10.5,1.4,0.9,-,-,w. CC,-,-,-,-,-,-,-,13.8
Social Changes / wPolityce.pl,10–13 Jun 2022,37,25,7,5,9,12,2,1,-,-,w. CC,-,-,-,-,-,-,-,2
IBSP / Stan Polityki,8–13 Jun 2022,37.01,27.80,7.94,2.65,7.73,15.52,-,-,-,-,w. CC,-,-,-,-,-,-,-,1.35
Estymator / DoRzeczy.pl,9–10 Jun 2022,38.5,27.1,11.1,6.3,5.8,9.0,1.9,-,-,-,w. CC,-,-,-,-,-,-,-,0.3
"Kantar / ""GW""",7–9 Jun 2022,32.1,22.3,8.2,3.6,7.3,9.7,-,-,-,-,w. CC,-,-,-,-,-,-,-,16.8
CBOS,30 May–9 Jun 2022,32,17,4,3,5,12,2,-,-,-,w. CC,-,-,-,-,-,-,-,20
Kantar Public,3–8 Jun 2022,29,23,8,4,4,10,2,1,-,-,w. CC,-,-,-,-,-,-,-,19
"United Surveys / DGP, RMF",6–7 Jun 2022,37.1,25.5,8.3,5.0,4.2,10.2,-,-,-,-,w. CC,-,-,-,-,-,-,-,9.7
Social Changes / wPolityce.pl,3–6 Jun 2022,37,27,7,4,8,13,1,1,-,-,w. CC,-,-,-,-,-,-,-,2
United Surveys / WP.pl,3–4 Jun 2022,36.5,24.9,9.4,5.3,5.6,11.0,-,-,-,-,w. CC,-,-,-,-,-,-,-,7.3
IBRiS / ZET,30 May–1 Jun 2022,35.1,25.3,8.9,6.3,4.1,8.4,-,-,-,-,w. CC,-,-,-,-,-,-,-,11.9
Research Partner,27–30 May 2022,31.3,25.5,7.5,2.6,7.0,12.1,1.8,1.0,-,-,w. CC,-,-,-,-,-,-,-,11.2
Social Changes / wPolityce.pl,23–30 May 2022,37,27,8,3,8,13,2,1,-,-,w. CC,-,-,-,-,-,-,-,1
Estymator / DoRzeczy.pl,26–27 May 2022,39.5,28.4,10.5,6.2,5.1,8.2,1.6,-,-,-,w. CC,-,-,-,-,-,-,-,0.5
Pollster / SE.pl,24–25 May 2022,35.28,25.09,10.91,4.72,6.30,12.35,2.20,0.82,-,-,w. CC,-,-,-,-,-,-,-,2.33
Social Changes / wPolityce.pl,20–23 May 2022,38,25,8,3,10,12,2,1,-,-,w. CC,-,-,-,-,-,-,-,1
"IBRiS / ""Rz""",20–21 May 2022,36.9,26.8,8.4,5.7,5.1,9.4,-,-,-,-,w. CC,-,-,-,-,-,-,-,7.7
United Surveys / WP.pl,20–21 May 2022,36.2,25.2,9.2,5.7,5.2,8.4,-,-,-,-,w. CC,-,-,-,-,-,-,-,10.1
Kantar Public,13–18 May 2022,29,24,8,3,4,9,3,2,-,-,w. CC,-,-,-,-,-,-,-,18
Social Changes / wPolityce.pl,13–16 May 2022,38,28,7,3,9,11,2,0,-,-,w. CC,-,-,-,-,-,-,-,2
Estymator / DoRzeczy.pl,12–13 May 2022,39.2,27.1,11.2,6.4,5.9,7.9,2.0,-,-,-,w. CC,-,-,-,-,-,-,-,0.3
IPSOS / OKO.press,10–12 May 2022,35,26,9,4,7,13,-,0,-,-,w. CC,-,-,-,-,-,-,-,6
CBOS,2–12 May 2022,36,19,4,2,3,9,-,-,-,-,w. CC,-,-,-,-,-,-,-,19
Social Changes / wPolityce.pl,6–9 May 2022,36,27,9,4,8,12,2,-,-,-,w. CC,-,-,-,-,-,-,-,2
Research Partner,5–9 May 2022,30.8,26.3,6.0,4.0,6.8,11.6,1.6,0.4,-,-,w. CC,-,-,-,-,-,-,-,12.5
United Surveys / WP.pl,6–7 May 2022,34.7,27.0,9.0,5.0,5.4,9.3,-,-,-,-,w. CC,-,-,-,-,-,-,-,9.6
IBRiS / ZET,4 May 2022,35.9,26.3,9.0,5.1,5.0,8.6,-,-,-,-,w. CC,-,-,-,-,-,-,-,10.1
"United Surveys / DGP, RMF",2–4 May 2022,37.8,24.9,10.2,5.4,4.7,9.0,-,-,-,-,w. CC,-,-,-,-,-,-,-,6.7
Social Changes / wPolityce.pl,29 Apr–3 May 2022,37,27,8,3,8,12,2,1,-,-,w. CC,-,-,-,-,-,-,-,2
Estymator / DoRzeczy.pl,28–29 Apr 2022,38.4,27.0,10.5,6.7,7.3,8.0,1.8,-,-,-,w. CC,-,-,-,-,-,-,-,0.3
Pollster / SE.pl,27–28 Apr 2022,35.41,26.48,10.12,5.70,5.45,14.14,2.14,0.30,-,-,w. CC,-,-,-,-,-,-,-,0.26
IBRiS / Onet,26 Apr 2022,34.7,27.0,8.6,5.0,4.5,9.1,-,-,-,-,w. CC,-,-,-,-,-,-,-,11.1
Social Changes / wPolityce.pl,22–25 Apr 2022,40,25,8,3,8,12,2,1,-,-,w. CC,-,-,-,-,-,-,-,2
Research Partner,22–25 Apr 2022,32.5,25.5,6.1,3.7,7.9,10.7,1.9,0.2,-,-,w. CC,-,-,-,-,-,-,-,11.5
United Surveys / WP.pl,22–23 Apr 2022,36.0,26.6,9.3,5.8,3.3,10.7,-,-,-,-,w. CC,-,-,-,-,-,-,-,8.3
Social Changes / wPolityce.pl,15–18 Apr 2022,36,26,10,2,11,11,1,1,-,-,w. CC,-,-,-,-,-,-,-,2
Estymator / DoRzeczy.pl,12–14 Apr 2022,39.0,26.4,8.5,6.6,8.3,9.1,1.6,-,-,-,w. CC,-,-,-,-,-,-,-,0.5
Kantar Public,8–13 Apr 2022,30,26,8,4,6,9,2,1,-,-,w. CC,-,-,-,-,-,-,-,14
Social Changes / wPolityce.pl,8–11 Apr 2022,39,26,7,3,9,13,2,0,-,-,w. CC,-,-,-,-,-,-,-,1
Research Partner,8–11 Apr 2022,32.7,23.3,6.1,3.8,6.3,11.6,2.3,0.9,-,-,w. CC,-,-,-,-,-,-,-,12.9
IBSP / Stan Polityki,7–11 Apr 2022,40.68,22.61,5.53,2.82,6.94,16.95,-,-,-,-,w. CC,-,-,-,-,-,-,-,4.47
CBOS,28 Mar–7 Apr 2022,32,17,4,2,4,11,0,0,-,-,w. CC,-,-,-,-,-,-,-,24
Social Changes / wPolityce.pl,1–4 Apr 2022,38,25,9,5,8,11,2,1,-,-,w. CC,-,-,-,-,-,-,-,1
"IBRiS / ""Rz""",1–2 Apr 2022,32.9,25.1,7.1,5.0,6.3,9.0,-,-,-,-,w. CC,-,-,-,-,-,-,-,14.6
United Surveys / WP.pl,1–2 Apr 2022,33.7,23.7,6.2,5.4,5.1,9.7,-,-,-,-,w. CC,-,-,-,-,-,-,-,16.2
Estymator / DoRzeczy.pl,30–31 Mar 2022,39.2,25.4,8.3,6.1,7.4,10.9,1.8,-,-,-,w. CC,-,-,-,-,-,-,-,0.9
IBRiS / ZET,30–31 Mar 2022,34.2,26.2,6.3,5.3,7.8,8.3,-,-,-,-,w. CC,-,-,-,-,-,-,-,11.9
Social Changes / wPolityce.pl,25–28 Mar 2022,37,29,7,3,9,11,2,1,-,-,w. CC,-,-,-,-,-,-,-,1
Social Changes / wPolityce.pl,25–28 Mar 2022,36,28,7,3,8,10,2,1,-,-,w. CC,-,-,-,-,-,-,-,5
Research Partner,25–28 Mar 2022,33.6,24.2,6.4,3.1,8.0,11.8,1.9,0.5,-,-,w. CC,-,-,-,-,-,-,-,10.7
Kantar Public / Polityka,18–21 Mar 2022,31,22,5,2,6,14,1,1,-,-,w. CC,-,-,-,-,-,-,-,19
Social Changes / wPolityce.pl,18–21 Mar 2022,37,25,8,5,10,11,2,1,-,-,w. CC,-,-,-,-,-,-,-,1
"United Surveys / DGP, RMF",18–19 Mar 2022,34.6,23.2,6.9,4.8,6.7,11.1,-,-,-,-,w. CC,-,-,-,-,-,-,-,12.7
United Surveys / WP.pl,18 Mar 2022,33.4,23.1,8.1,5.2,4.1,9.1,-,-,-,-,w. CC,-,-,-,-,-,-,-,17.0
Kantar Public,11–16 Mar 2022,30,27,7,3,5,9,2,1,-,-,w. CC,-,-,-,-,-,-,-,16.9
Research Partner,11–14 Mar 2022,31.4,25.8,8.2,4.3,7.6,10.4,1.5,1.0,-,-,w. CC,-,-,-,-,-,-,-,9.8
Estymator / DoRzeczy.pl,10–11 Mar 2022,39.6,25.1,7.5,6.3,7.0,12.2,1.5,-,-,-,w. CC,-,-,-,-,-,-,-,0.8
IPSOS / OKO.press,8–10 Mar 2022,34,24,5,4,11,12,-,0,-,-,w. CC,-,-,-,-,-,-,-,10
CBOS,28 Feb–10 Mar 2022,30,20,4,2,6,11,-,-,-,-,w. CC,-,-,-,-,-,-,-,25
Kantar / KO,4 Mar 2022,30,25,4,5,10,14,1,0,-,-,w. CC,-,-,-,-,-,-,-,10
United Surveys / WP.pl,4 Mar 2022,33.6,21.2,6.9,4.6,4.4,9.7,-,-,-,-,w. CC,-,-,-,-,-,-,-,19.6
Pollster / SE.pl,2–3 Mar 2022,37.99,25.89,6.59,5.97,7.66,13.08,1.57,0.82,-,-,w. CC,-,-,-,-,-,-,-,0.43
IBRiS / ZET,1 Mar 2022,37.4,22.8,7.2,4.9,4.1,10.9,-,-,-,-,w. CC,-,-,-,-,-,-,-,12.7
Social Changes / wPolityce.pl,28 Feb–1 Mar 2022,38,27,7,4,8,11,2,1,-,-,w. CC,-,-,-,-,-,-,-,2
Research Partner,25–28 Feb 2022,32.6,25.7,7.0,3.4,7.3,11.0,1.5,0.8,-,-,w. CC,-,-,-,-,-,-,-,10.7
Social Changes / wPolityce.pl,18–21 Feb 2022,33,28,8,4,10,12,2,1,-,-,w. CC,-,-,-,-,-,-,-,2
United Surveys / WP.pl,18 Feb 2022,32.2,26.9,7.1,5.2,9.0,9.4,-,-,-,-,w. CC,-,-,-,-,-,-,-,10.2
Estymator / DoRzeczy.pl,16–17 Feb 2022,36.4,27.5,7.8,6.6,9.4,9.5,-,-,-,-,w. CC,-,-,-,-,-,-,-,2.8
Pollster / SE.pl,16–17 Feb 2022,36.05,24.46,8.27,5.83,9.14,14.25,1.24,0.55,-,-,w. CC,-,-,-,-,-,-,-,0.21
Kantar Public,11–16 Feb 2022,30,25,5,4,8,9,2,1,-,-,w. CC,-,-,-,-,-,-,-,16
Social Changes / wPolityce.pl,11–14 Feb 2022,38,26,8,2,10,12,2,1,-,-,w. CC,-,-,-,-,-,-,-,1
Research Partner,11–14 Feb 2022,31.1,23.7,8.8,5.8,8.3,9.9,1.9,0.5,-,-,w. CC,-,-,-,-,-,-,-,10.0
IBRiS / Onet,11–12 Feb 2022,32.5,29.3,5.6,4.3,8.4,8.6,-,-,-,-,w. CC,-,-,-,-,-,-,-,11.3
IBRiS / Onet,11–12 Feb 2022,32.7,28.0,6.3,4.1,7.7,8.1,-,-,-,-,w. CC,-,-,-,-,-,-,-,13.1
CBOS,31 Jan–10 Feb 2022,30,17,3,2,7,11,1,-,-,-,w. CC,-,-,-,-,-,-,-,28
Social Changes / wPolityce.pl,4–7 Feb 2022,31,26,10,4,12,12,2,1,-,-,w. CC,-,-,-,-,-,-,-,2
IBSP / Stan Polityki,3–7 Feb 2022,34.63,26.34,7.54,3.47,8.96,14.88,-,-,-,-,w. CC,-,-,-,-,-,-,-,4.18
United Surveys / WP.pl,6 Feb 2022,33.1,25.1,5.8,5.2,8.5,11.7,-,0.0,-,-,w. CC,-,-,-,-,-,-,-,10.6
"IBRiS / ""Rz""",4–6 Feb 2022,31.1,26.7,6.6,5.2,6.9,11.1,-,-,-,-,w. CC,-,-,-,-,-,-,-,12.4
Research Partner,28 Jan–1 Feb 2022,31.3,27.3,6.7,3.9,7.9,11.6,1.0,0.4,-,-,w. CC,-,-,-,-,-,-,-,9.9
Social Changes / wPolityce.pl,28–31 Jan 2022,33,28,8,5,11,11,2,1,-,-,w. CC,-,-,-,-,-,-,-,1
Social Changes / wPolityce.pl,28–31 Jan 2022,32,27,8,5,10,12,2,1,-,-,w. CC,-,-,-,-,-,-,-,3
"United Surveys / DGP, RMF",27 Jan 2022,33.2,26.1,6.2,6.0,5.8,10.6,-,-,-,-,w. CC,-,-,-,-,-,-,-,12.1
Kantar Public,21–26 Jan 2022,27,26,7,3,9,9,3,1,-,-,w. CC,-,-,-,-,-,-,-,15
Social Changes / wPolityce.pl,21–24 Jan 2022,35,28,8,3,10,11,2,1,-,-,w. CC,-,-,-,-,-,-,-,2
United Surveys / WP.pl,21 Jan 2022,32.3,27.2,7.0,6.5,6.8,11.2,-,-,-,-,w. CC,-,-,-,-,-,-,-,9.0
Kantar / KO,17–18 Jan 2022,29,26,5,4,9,15,1,1,-,-,w. CC,-,-,-,-,-,-,-,9
Research Partner,14–17 Jan 2022,31.7,23.9,8.0,2.0,9.0,11.1,0.9,0.3,-,-,w. CC,-,-,-,-,-,-,-,13.1
Social Changes / wPolityce.pl,14–17 Jan 2022,34,27,10,3,11,12,2,0,-,-,w. CC,-,-,-,-,-,-,-,1
IBRiS / Onet,13 Jan 2022,30.1,20.2,7.3,6.0,8.6,12.1,-,-,-,-,w. CC,-,-,-,-,-,-,-,15.7
Pollster / SE.pl,12–13 Jan 2022,32.81,24.50,7.06,6.44,10.11,17.08,1.25,0.30,-,-,w. CC,-,-,-,-,-,-,-,0.45
CBOS,3–13 Jan 2022,29.4,17.8,3,3,5.2,11.8,1,1,-,-,w. CC,-,-,-,-,-,-,-,27
Social Changes / wPolityce.pl,7–10 Jan 2022,36,24,9,2,10,14,2,1,-,-,w. CC,-,-,-,-,-,-,-,2
United Surveys / WP.pl,6–7 Jan 2022,33.0,25.1,8.2,7.6,8.0,11.0,-,-,-,-,w. CC,-,-,-,-,-,-,-,7.2
Social Changes / wPolityce.pl,31 Dec–2 Jan 2022,38,24,7,2,12,13,2,1,-,-,w. CC,-,-,-,-,-,-,-,1
Estymator / DoRzeczy.pl,29–30 Dec 2021,35.9,24.2,8.4,6.8,9.0,13.5,-,-,-,-,w. CC,-,-,-,-,-,-,-,2.2
IPSOS / OKO.press,28–30 Dec 2021,33,26,6,5,10,13,-,1,-,-,w. CC,-,-,-,-,-,-,-,7
Social Changes / wPolityce.pl,17–20 Dec 2021,36,25,8,3,11,13,2,2,-,-,w. CC,-,-,-,-,-,-,-,0
"IBRiS / ""Rz.pl""",17–18 Dec 2021,30.8,24.1,7.8,5.9,6.3,10.1,-,-,-,-,w. CC,-,-,-,-,-,-,-,15.0
United Surveys / WP.pl,17 Dec 2021,32.1,24.9,8.1,6.5,5.1,9.2,-,-,-,-,w. CC,-,-,-,-,-,-,-,14.0
Research Partner,10–13 Dec 2021,35.3,22.4,7.6,1.4,8.2,11.8,1.8,0.2,-,-,w. CC,-,-,-,-,-,-,-,11.3
Social Changes / wPolityce.pl,10–13 Dec 2021,38,24,7,2,11,14,1,1,-,-,w. CC,-,-,-,-,-,-,-,2
Pollster / SE.pl,11–12 Dec 2021,36.38,25.81,6.18,4.38,10.70,14.55,1.35,0.19,-,-,w. CC,-,-,-,-,-,-,-,0.46
Kantar / TVN,10–12 Dec 2021,31,24,6,6,7,14,2,1,-,-,w. CC,-,-,-,-,-,-,-,8
Kantar / Polityka,8–12 Dec 2021,27,21,10,5,7,17,2,1,-,-,w. CC,-,-,-,-,-,-,-,9
CBOS,29 Nov–12 Dec 2021,31.2,14.5,5.1,3,7.0,14.0,1,-,-,-,w. CC,-,-,-,-,-,-,-,25
Kantar Public,3–8 Dec 2021,28,26,7,3,8,11,1,1,-,-,w. CC,-,-,-,-,-,-,-,15
Social Changes / wPolityce.pl,3–6 Dec 2021,38,24,9,2,9,13,2,2,-,-,w. CC,-,-,-,-,-,-,-,1
United Surveys / WP.pl,3 Dec 2021,32.1,23.7,7.8,5.7,6.7,10.6,-,-,-,-,w. CC,-,-,-,-,-,-,-,13.4
Social Changes / wPolityce.pl,26–29 Nov 2021,38,25,9,2,10,12,1,1,-,-,w. CC,-,-,-,-,-,-,-,2
Research Partner,26–29 Nov 2021,37.1,20.6,6.9,3.2,8.4,10.6,1.1,0.6,-,-,w. CC,-,-,-,-,-,-,-,11.5
IBRiS / Onet,26–27 Nov 2021,32.0,22.1,7.0,6.4,7.1,11.8,-,-,-,-,w. CC,-,-,-,-,-,-,-,13.7
Estymator / DoRzeczy.pl,25–26 Nov 2021,35.3,23.8,7.7,7.1,8.6,15.8,-,-,-,-,w. CC,-,-,-,-,-,-,-,1.7
"IBRiS / ""Wydarzenia"" Polsat",23 Nov 2021,30.2,21.8,7.6,5.1,9.3,13.0,-,-,-,-,w. CC,-,-,-,-,-,-,-,13.0
Pollster / SE.pl,22–23 Nov 2021,37.53,24.30,8.04,4.46,8.00,15.74,0.97,0.68,-,-,w. CC,-,-,-,-,-,-,-,0.28
Social Changes / wPolityce.pl,19–22 Nov 2021,39,25,8,1,10,13,1,1,-,-,w. CC,-,-,-,-,-,-,-,2
"IBRiS / ""Rz""",19–20 Nov 2021,30.2,21.2,8.4,4.6,6.1,13.2,-,-,-,-,w. CC,-,-,-,-,-,-,-,16.3
"United Surveys / DGP, RMF",18–19 Nov 2021,31.0,22.1,7.0,5.8,6.5,12.3,-,-,-,-,w. CC,-,-,-,-,-,-,-,15.2
United Surveys / WP.pl,18–19 Nov 2021,30.6,21.7,7.7,5.1,5.8,13.3,-,-,-,-,w. CC,-,-,-,-,-,-,-,15.8
"Kantar Public / ""GW""",16–18 Nov 2021,30,24,8,4,9,14,2,0,-,-,w. CC,-,-,-,-,-,-,-,10
Kantar Public,12–17 Nov 2021,29,24,7,4,5,10,2,1,-,-,w. CC,-,-,-,-,-,-,-,11
Social Changes / wPolityce.pl,12–15 Nov 2021,41,23,7,1,11,13,2,1,-,-,w. CC,-,-,-,-,-,-,-,1
CBOS,4–14 Nov 2021,29.3,17.9,4.9,2,5.5,12.0,1,-,-,-,w. CC,-,-,-,-,-,-,-,27
Research Partner,5–9 Nov 2021,33.8,23.8,7.6,2.2,9.4,10.8,1.1,0.6,-,-,w. CC,-,-,-,-,-,-,-,10.7
Social Changes / wPolityce.pl,5–8 Nov 2021,37,24,9,1,10,14,2,1,-,-,w. CC,-,-,-,-,-,-,-,2
Estymator / DoRzeczy.pl,5–6 Nov 2021,37.6,24.6,9.1,5.7,8.2,12.8,-,-,-,-,w. CC,-,-,-,-,-,-,-,2.0
United Surveys / WP.pl,5 Nov 2021,32.6,21.6,7.2,4.6,5.9,16.5,-,-,-,-,w. CC,-,-,-,-,-,-,-,11.7
Social Changes / wPolityce.pl,29 Oct–2 Nov 2021,39,25,8,2,9,12,2,1,-,-,w. CC,-,-,-,-,-,-,-,2
CBOS,18–28 Oct 2021,28.4,17.2,4.7,3,7.6,12.2,-,-,-,-,w. CC,-,-,-,-,-,-,-,26
Pollster / SE.pl,27–28 Oct 2021,36.58,25.80,8.56,4.41,8.77,13.80,1.29,0.60,-,-,w. CC,-,-,-,-,-,-,-,0.19
Social Changes / wPolityce.pl,22–25 Oct 2021,39,26,8,2,10,12,2,0,-,-,w. CC,-,-,-,-,-,-,-,1
Research Partner,22–25 Oct 2021,35.0,23.3,7.0,3.0,7.7,11.3,1.5,0.7,-,-,w. CC,-,-,-,-,-,-,-,10.3
"IBRiS / ""Rz.pl""",22–23 Oct 2021,35.8,24.5,9.4,4.6,5.1,13.5,-,-,-,-,w. CC,-,-,-,-,-,-,-,7.1
United Surveys / WP.pl,22 Oct 2021,37.1,23.3,8.0,6.2,6.1,12.0,-,-,-,-,w. CC,-,-,-,-,-,-,-,7.3
Social Changes / wPolityce.pl,15–18 Oct 2021,39,26,7,2,8,13,2,2,-,-,w. CC,-,-,-,-,-,-,-,1
CBOS,4–14 Oct 2021,34.6,15.3,4.1,2,5.7,11.5,0,1,-,-,w. CC,-,-,-,-,-,-,-,26
Kantar / TVN,12–13 Oct 2021,32,26,6,4,9,15,0,1,-,-,w. CC,-,-,-,-,-,-,-,7
Kantar Public,8–13 Oct 2021,32,25,7,3,6,10,2,1,-,-,w. CC,-,-,-,-,-,-,-,14
"United Surveys / DGP, RMF",11 Oct 2021,35.4,27.1,6.7,4.6,6.8,9.5,-,-,-,-,w. CC,-,-,-,-,-,-,-,9.9
Research Partner,8–11 Oct 2021,36.2,21.0,6.7,1.6,9.4,11.5,0.7,1.0,-,-,w. CC,-,-,-,-,-,-,-,11.8
Social Changes / wPolityce.pl,8–11 Oct 2021,40,26,7,2,7,12,2,2,-,-,w. CC,-,-,-,-,-,-,-,2
United Surveys / WP.pl,8 Oct 2021,35.4,25.9,7.9,5.8,6.7,9.8,-,-,-,-,w. CC,-,-,-,-,-,-,-,8.5
"IBRiS / ""Wydarzenia"" Polsat",6 Oct 2021,34.3,21.6,8.0,5.4,8.4,10.5,-,0.0,-,-,w. CC,-,-,-,-,-,-,-,11.7
Social Changes / wPolityce.pl,1–4 Oct 2021,37,25,7,1,11,14,2,1,-,-,w. CC,-,-,-,-,-,-,-,2
Social Changes / wPolityce.pl,24–27 Sep 2021,38,26,8,2,9,14,1,1,-,-,w. CC,-,-,-,-,-,-,-,1
Research Partner,24–27 Sep 2021,35.2,22.4,7.4,2.0,8.6,11.1,1.1,0.7,-,-,w. CC,-,-,-,-,-,-,-,11.4
"IBRiS / ""Rz.pl""",24–25 Sep 2021,34.1,23.4,7.1,5.0,5.9,12.0,-,0.0,-,-,w. CC,-,-,-,-,-,-,-,12.5
United Surveys / WP.pl,24 Sep 2021,35.6,23.0,6.4,5.3,7.1,11.6,-,-,-,-,w. CC,-,-,-,-,-,-,-,11.0
"IPSOS / ""GW"", OKO.press",20–23 Sep 2021,35,24,7,4,9,15,-,0,-,-,w. CC,-,-,-,-,-,-,-,7
Social Changes / wPolityce.pl,17–20 Sep 2021,37,24,7,2,12,13,2,2,-,-,w. CC,-,-,-,-,-,-,-,1
CBOS,6–16 Sep 2021,33.5,16.0,4.4,1,5.3,11.8,1,1,-,-,w. CC,-,-,-,-,-,-,-,26
Pollster / SE.pl,13–14 Sep 2021,39.5,24.54,7.56,4.66,7.35,14.32,1.08,0.71,-,-,w. CC,-,-,-,-,-,-,-,0.28
Social Changes / wPolityce.pl,10–13 Sep 2021,37,27,7,2,9,12,2,2,-,-,w. CC,-,-,-,-,-,-,-,2
Social Changes / wPolityce.pl,10–13 Sep 2021,36,29,6,2,10,12,2,2,-,-,w. CC,-,-,-,-,-,-,-,1
Pollster / Salon24.pl,11–12 Sep 2021,38.87,25.68,7.84,3.85,8.21,13.86,0.71,0.64,-,-,w. CC,-,-,-,-,-,-,-,0.34
Estymator / DoRzeczy.pl,10–11 Sep 2021,40.2,24.1,9.0,3.9,8.8,10.9,1.5,1.1,-,-,w. CC,-,-,-,-,-,-,-,0.5
Kantar / TVN,9–11 Sep 2021,30,24,5,3,8,14,1,0,-,-,w. CC,-,-,-,-,-,-,-,15
United Surveys / WP.pl,10 Sep 2021,36.4,22.3,6.8,5.2,8.8,9.2,-,-,-,-,w. CC,-,-,-,-,-,-,-,11.3
Kantar Public,3–8 Sep 2021,32,25,6,3,4,12,1,1,-,-,w. CC,-,-,-,-,-,-,-,16
"IBRiS / ""Wydarzenia"" Polsat",7 Sep 2021,36.5,23.0,8.5,2.9,7.6,11.3,-,0.3,-,-,w. CC,-,-,-,-,-,-,-,9.9
Social Changes / wPolityce.pl,3–6 Sep 2021,37,26,8,3,7,16,1,1,-,-,w. CC,-,-,-,-,-,-,-,1
Research Partner,3–6 Sep 2021,30.5,22.0,7.2,0.8,8.5,17.9,1.6,0.4,-,-,w. CC,-,-,-,-,-,-,-,11.2
IBRiS / Onet,3–4 Sep 2021,36.6,23.1,8.0,4.4,8.0,11.5,-,-,-,-,w. CC,-,-,-,-,-,-,-,8.4
Pollster / Wiadomości TVP,2–3 Sep 2021,36.72,25.98,7.53,-,8.77,14.78,-,-,-,-,w. CC,-,-,-,-,-,-,-,6.22
IBSP / Stan Polityki,1–3 Sep 2021,34.61,24.09,7.73,2.65,9.69,15.82,-,-,-,-,w. CC,-,-,-,-,-,-,-,5.41
Social Changes / wPolityce.pl,27–30 Aug 2021,35,25,9,3,8,17,2,1,-,-,w. CC,-,-,-,-,-,-,-,0
"IBRiS / ""Rz""",27–28 Aug 2021,35.3,25.7,9.3,4.0,6.4,10.1,-,-,-,-,w. CC,-,-,-,-,-,-,-,9.2
"United Surveys / DGP, RMF",27 Aug 2021,37.1,25.0,9.0,4.5,8.1,8.4,-,-,-,-,w. CC,-,-,-,-,-,-,-,7.9
United Surveys / WP.pl,27 Aug 2021,36.3,25.5,8,4.4,8,10.6,-,-,-,-,w. CC,-,-,-,-,-,-,-,6.4
Pollster / Wiadomości TVP,26–27 Aug 2021,37,24,7,-,10,16,-,-,-,-,w. CC,-,-,-,-,-,-,-,6
CBOS,16–26 Aug 2021,34,18,5,3,5,11,1,<0.5,-,-,w. CC,-,-,-,-,-,-,-,23
"IBRiS / ""Wydarzenia"" Polsat",24 Aug 2021,35.5,24.3,7.8,4.2,7.4,11.7,-,0.0,-,-,w. CC,-,-,-,-,-,-,-,9.1
Social Changes / wPolityce.pl,20–23 Aug 2021,33,26,8,2,9,17,2,1,-,-,w. CC,-,-,-,-,-,-,-,2
Pollster / TVP Info,15–16 Aug 2021,34,26,8,4,8,18,1,0.8,-,-,w. CC,-,-,-,-,-,-,-,0.2
Research Partner,13–16 Aug 2021,30.6,22.2,6.9,2.0,7.2,17.0,1.3,-,-,-,w. CC,-,-,-,-,-,-,-,12.8
Research Partner,13–16 Aug 2021,27.4,22.7,5.8,1.8,5.9,14.5,0.4,0.6,-,-,w. CC,-,-,-,-,-,-,-,21.0
Social Changes / wPolityce.pl,13–16 Aug 2021,33,26,7,2,9,18,2,2,-,-,w. CC,-,-,-,-,-,-,-,1
Kantar,13 Aug 2021,26,26,10,3,7,17,0,-,-,-,w. CC,-,-,-,-,-,-,-,7
Kantar,6–11 Aug 2021,35,22,7,4,6,9,2,w. UR or LaJ,-,-,w. CC,-,-,-,-,-,-,-,15
ewybory.eu,1 Jul–10 Aug 2021,31.38,29.72,14.10,5.29,10.65,7.83,-,w. UR or LaJ,-,-,w. CC,-,-,-,-,-,-,-,1.03
Social Changes / wPolityce.pl,6–9 Aug 2021,34,26,8,2,8,17,4,w. UR or LaJ,-,-,w. CC,-,-,-,-,-,-,-,1
Social Changes / wPolityce.pl,30 Jul–2 Aug 2021,34,23,7,3,8,21,3,w. UR or LaJ,-,-,w. CC,-,-,-,-,-,-,-,1
Research Partner,30 Jul–2 Aug 2021,30.8,22.0,6.8,1.7,6.9,15.4,2.7,w. UR or LaJ,-,-,w. CC,-,-,-,-,-,-,-,13.6
Pollster / SE.pl,30 Jul–2 Aug 2021,34.48,25.78,8.27,3.07,9.68,16.29,2.15,w. UR or LaJ,-,-,w. CC,-,-,-,-,-,-,-,0.28
"IBRiS / ""Rz""",31 Jul–1 Aug 2021,33.6,27.3,9.1,5.0,5.0,11.1,-,w. UR or LaJ,-,-,w. CC,-,-,-,-,-,-,-,9.0
United Surveys / WP.pl,30 Jul 2021,34.2,27.6,6.9,5.0,5.9,10.0,-,w. UR or LaJ,-,-,w. CC,-,-,-,-,-,-,-,10.4
Social Changes / wPolityce.pl,23–26 Jul 2021,36,24,7,2,9,19,2,w. UR or LaJ,-,-,w. CC,-,-,-,-,-,-,-,1
Social Changes / wPolityce.pl,23–26 Jul 2021,35,27,7,2,6,19,3,w. UR or LaJ,-,-,w. CC,-,-,-,-,-,-,-,1
IBRiS / Onet,24–25 Jul 2021,33.6,26.2,7.1,5.0,5.4,10.9,-,w. UR or LaJ,-,-,w. CC,-,-,-,-,-,-,-,11.8
IBSP,21–23 Jul 2021,34.85,26.24,6.38,2.32,7.37,19.76,-,w. UR or LaJ,-,-,w. CC,-,-,-,-,-,-,-,3.08
Research Partner,16–19 Jul 2021,30.2,24.1,7.5,1.8,5.9,17.4,1.7,w. UR or LaJ,-,-,w. CC,-,-,-,-,-,-,-,11.4
Social Changes / wPolityce.pl,16–19 Jul 2021,34,25,8,2,9,19,2,w. UR or LaJ,-,-,w. CC,-,-,-,-,-,-,-,1
Kantar,9–14 Jul 2021,30,23,5,4,5,15,2,w. UR or LaJ,-,-,w. CC,-,-,-,-,-,-,-,16
Social Changes / wPolityce.pl,9–12 Jul 2021,34,24,9,4,7,20,1,w. UR or LaJ,-,-,w. CC,-,-,-,-,-,-,-,1
Kantar / TVN,9–11 Jul 2021,29,24,7,3,7,15,1,w. UR or LaJ,-,-,w. CC,-,-,-,-,-,-,-,14
CBOS,1–11 Jul 2021,36,16,5,3,5,13,1,w. UR or LaJ,-,-,w. CC,-,-,-,-,-,-,-,21
Pollster / SE.pl,6–7 Jul 2021,35.25,24.30,6.45,4.30,7.67,18.75,2.60,w. UR or LaJ,-,-,w. CC,-,-,-,-,-,-,-,0.68
United Surveys / WP.pl,5–7 Jul 2021,35.2,21.3,7.8,5.1,5.6,16.5,-,w. UR or LaJ,-,-,w. CC,-,-,-,-,-,-,-,8.5
"IBRiS / ""Wydarzenia"" Polsat",6 Jul 2021,34.0,20.0,8.2,5.3,7.0,15.5,-,w. UR or LaJ,-,-,w. CC,-,-,-,-,-,-,-,10.0
Research Partner,2–5 Jul 2021,30.6,18.6,6.4,1.9,8.2,19.1,3,w. UR or LaJ,-,-,w. CC,-,-,-,-,-,-,-,12.1
"United Surveys / DGP, RMF",5 Jul 2021,33.0,18.6,7.8,6.0,7.0,16.6,-,w. UR or LaJ,-,-,w. CC,-,-,-,-,-,-,-,11.0
Social Changes / wPolityce.pl,2–5 Jul 2021,33,21,9,2,8,24,2,w. UR or LaJ,-,-,w. CC,-,-,-,-,-,-,-,1
Opinia24 / RMF FM,2–5 Jul 2021,29,23,8,4,10,17,1,w. UR or LaJ,-,-,w. CC,-,-,-,-,-,-,-,8
"IBRiS / ""Wydarzenia"" Polsat",30 Jun 2021,33.5,16.9,9.5,6.6,8.4,17.1,-,w. UR or LaJ,-,-,w. CC,-,-,-,-,-,-,-,8.2
Social Changes / wPolityce.pl,25–28 Jun 2021,34,17,10,3,10,23,2,w. UR or LaJ,-,-,w. CC,-,-,-,-,-,-,-,1
Pollster / SE.pl,26–27 Jun 2021,35.79,20.96,6.32,4.84,7.99,23.04,-,w. UR or LaJ,-,-,w. CC,-,-,-,-,-,-,-,1.06
IBRiS / Onet,25–26 Jun 2021,33.5,16.1,8.3,5.4,9.3,17.9,-,w. UR or LaJ,-,-,w. CC,-,-,-,-,-,-,-,9.5
Kantar / TVN,24–25 Jun 2021,30,19,6,4,8,21,1,w. UR or LaJ,-,-,w. CC,-,-,-,-,-,-,-,11
Research Partner,18–21 Jun 2021,31.2,17.4,7.0,3.1,6.1,22.5,2.0,w. UR or LaJ,-,-,w. CC,-,-,-,-,-,-,-,10.8
Social Changes / wPolityce.pl,18–21 Jun 2021,33,19,9,4,7,25,2,w. UR or LaJ,-,-,w. CC,-,-,-,-,-,-,-,1
Social Changes / wPolityce.pl,18–21 Jun 2021,32,25,8,3,6,22,3,w. UR or LaJ,-,-,w. CC,-,-,-,-,-,-,-,1
"IBRiS / ""Rz""",19–20 Jun 2021,34.7,13.0,9.1,5.1,10.3,20.2,-,w. UR or LaJ,-,-,w. CC,-,-,-,-,-,-,-,7.7
United Surveys / WP.pl,19 Jun 2021,34.2,14.7,10.4,5.3,7.1,19.0,-,w. UR or LaJ,-,-,w. CC,-,-,-,-,-,-,-,9.3
CBOS,7–17 Jun 2021,35.6,11.3,5.3,2,5.5,16.1,2,w. UR or LaJ,-,-,w. CC,-,-,-,-,-,-,-,22
Kantar,11–16 Jun 2021,30,20,7,4,6,14,2,w. UR or LaJ,-,-,w. CC,-,-,-,-,-,-,-,17
Social Changes / wPolityce.pl,11–14 Jun 2021,35,17,10,3,7,25,2,w. UR or LaJ,-,-,w. CC,-,-,-,-,-,-,-,1
IBRiS / ZET,11 Jun 2021,32.4,13.0,7.6,4.7,8.1,19.8,-,w. UR or LaJ,-,-,w. CC,-,-,-,-,-,-,-,14.4
Research Partner,4–7 Jun 2021,31.1,16.0,6.8,2.7,6.1,24.8,2.3,w. UR or LaJ,-,-,w. CC,-,-,-,-,-,-,-,9.9
Pollster / SE.pl,5–6 Jun 2021,36.18,18.44,7.01,4.92,9.70,23.02,-,w. UR or LaJ,-,-,w. CC,-,-,-,-,-,-,-,0.73
Social Changes / wPolityce.pl,4–6 Jun 2021,34,16,8,3,9,26,3,w. UR or LaJ,-,-,w. CC,-,-,-,-,-,-,-,1
United Surveys / WP.pl,4 Jun 2021,34.4,14.0,8.1,4.7,7.6,23.0,-,w. UR or LaJ,-,-,w. CC,-,-,-,-,-,-,-,8.2
IBRiS / Onet,31 May 2021,34.9,14.1,8.4,5.0,4.4,20.2,-,w. UR or LaJ,-,-,w. CC,-,-,-,-,-,-,-,12.9
Social Changes / wPolityce.pl,28–31 May 2021,35,15,9,3,7,27,3,w. UR or LaJ,-,-,w. CC,-,-,-,-,-,-,-,1
IBRiS / Interia,28 May 2021,40.3,15.9,9.4,4.4,7.3,22.9,-,w. UR or LaJ,-,-,w. CC,-,-,-,-,-,-,-,-
"United Surveys / DGP, RMF",25 May 2021,33.7,13.0,8.0,4.3,8.2,22.7,-,w. UR or LaJ,-,-,w. CC,-,-,-,-,-,-,-,9.9
Social Changes / wPolityce.pl,21–24 May 2021,34,17,9,2,10,24,3,w. UR or LaJ,-,-,w. CC,-,-,-,-,-,-,-,1
"IBRiS / ""Rz""",21–22 May 2021,33.6,14.6,10.4,4.9,6.9,18.6,-,w. UR or LaJ,-,-,w. CC,-,-,-,-,-,-,-,11.0
United Surveys / WP.pl,21 May 2021,34.8,13.2,9.1,5.3,5.7,22.1,-,w. UR or LaJ,-,-,w. CC,-,-,-,-,-,-,-,9.8
Estymator / DoRzeczy.pl,20–21 May 2021,38.4,14.6,10.8,4.7,7.1,22.2,1.9,w. UR or LaJ,-,-,w. CC,-,-,-,-,-,-,-,0.3
Pollster / SE.pl,19–20 May 2021,38.10,19.20,7.26,4.95,8.72,20.90,-,w. UR or LaJ,-,-,w. CC,-,-,-,-,-,-,-,0.87
PGB Opinium,18–20 May 2021,31.7,14.7,8.1,3.5,8.7,23.4,0.7,w. UR or LaJ,-,-,w. CC,-,-,-,-,-,-,-,9.2
"IBRiS / ""Wydarzenia"" Polsat",19 May 2021,34.4,14.2,9.5,5.2,6.9,20.4,-,w. UR or LaJ,-,-,w. CC,-,-,-,-,-,-,-,9.4
Social Changes / wPolityce.pl,14–17 May 2021,33,16,9,3,12,23,3,w. UR or LaJ,-,-,w. CC,-,-,-,-,-,-,-,1
Research Partner,14–17 May 2021,30.9,16.6,6.4,1.7,7.7,20.5,2.0,w. UR or LaJ,-,-,w. CC,-,-,-,-,-,-,-,14.2
UCE RESEARCH / WP,15–16 May 2021,35.66,17.34,5.60,3,9.74,20.53,6.43,w. UR or LaJ,-,-,w. CC,-,-,-,-,-,-,-,1.7
CBOS,6–16 May 2021,32.8,11.0,5.5,2,6.1,17.1,1,w. UR or LaJ,-,-,w. CC,-,-,-,-,-,-,-,19
IBSP,13–14 May 2021,30.80,15.05,9.98,2.40,11.54,27.68,-,w. UR or LaJ,-,-,w. CC,-,-,-,-,-,-,-,2.61
Kantar,7–12 May 2021,33,21,6,3,5,17,2,w. UR or LaJ,-,-,w. CC,-,-,-,-,-,-,-,13
Kantar,11 May 2021,32,19,10,4,11,21,4,w. UR or LaJ,-,-,w. CC,-,-,-,-,-,-,-,0
"United Surveys / DGP, RMF",11 May 2021,33.5,12.1,9.6,4.3,8.6,21.9,-,w. UR or LaJ,-,-,w. CC,-,-,-,-,-,-,-,9.9
"United Surveys / DGP, RMF",11May 2021,34.0,15.7,9.1,6.4,6.9,19.6,-,w. UR or LaJ,-,-,w. CC,-,-,-,-,-,-,-,8.4
Social Changes / wPolityce.pl,7–10 May 2021,34,18,7,2,10,25,2,w. UR or LaJ,-,-,w. CC,-,-,-,-,-,-,-,2
IBRiS / Onet,8–9 May 2021,35.1,14.7,9.1,5.6,5.8,19.9,-,w. UR or LaJ,-,-,w. CC,-,-,-,-,-,-,-,9.8
"IBRiS / ""Wydarzenia"" Polsat",5 May 2021,33.9,15.3,10.7,4.5,9.0,18.9,-,w. UR or LaJ,-,-,w. CC,-,-,-,-,-,-,-,7.7
United Surveys / WP.pl,4 May 2021,35.4,15.1,10.4,5.1,5.7,20.4,-,w. UR or LaJ,-,-,w. CC,-,-,-,-,-,-,-,7.9
Social Changes / wPolityce.pl,30 Apr–4 May 2021,34,16,10,2,10,23,3,w. UR or LaJ,-,-,w. CC,-,-,-,-,-,-,-,2
Research Partner,30 Apr–3 May 2021,27.9,17.2,7.2,1.5,7.7,23.6,1.6,w. UR or LaJ,-,-,w. CC,-,-,-,-,-,-,-,13
Kantar / TVN,27–28 Apr 2021,30,21,9,3,7,20,2,w. UR or LaJ,-,-,w. CC,-,-,-,-,-,-,-,8
IPSOS / OKO.press,26–28 Apr 2021,33,18,9,2,11,22,-,w. UR or LaJ,-,-,w. CC,-,-,-,-,-,-,-,5
Social Changes / wPolityce.pl,23–26 Apr 2021,32,20,10,2,8,24,3,w. UR or LaJ,-,-,w. CC,-,-,-,-,-,-,-,1
IBRiS / Onet,24–25 Apr 2021,33.1,16.1,10.0,4.4,7.7,17.1,-,w. UR or LaJ,-,-,w. CC,-,-,-,-,-,-,-,11.6
Pollster / SE.pl,20 Apr 2021,35.77,17.34,10.08,5.14,8.64,21.91,-,w. UR or LaJ,-,-,w. CC,-,-,-,-,-,-,-,1.12
"IBRiS / ""Wydarzenia"" Polsat",20 Apr 2021,32.6,16.4,11.5,4.9,8.2,15.7,-,w. UR or LaJ,-,-,w. CC,-,-,-,-,-,-,-,10.7
Social Changes / wPolityce.pl,16–19 Apr 2021,34,16,10,2,8,26,3,w. UR or LaJ,-,-,w. CC,-,-,-,-,-,-,-,1
Research Partner,16–19 Apr 2021,29.4,17.0,9.2,2.4,8.4,21.1,2.3,w. UR or LaJ,-,-,w. CC,-,-,-,-,-,-,-,10.3
CBOS,8–18 Apr 2021,32.0,14.2,5.1,1.3,4.9,15.6,1.2,w. UR or LaJ,-,-,w. CC,-,-,-,-,-,-,-,20.9
United Surveys / WP.pl,16 Apr 2021,32.2,17.0,7.7,4.9,7.0,17.3,-,w. UR or LaJ,-,-,w. CC,-,-,-,-,-,-,-,14.0
Estymator / DoRzeczy.pl,15–16 Apr 2021,35.9,18.1,10.7,5.2,6.8,20.9,2.1,w. UR or LaJ,-,-,w. CC,-,-,-,-,-,-,-,0.3
Kantar,9–14 Apr 2021,31,22,9,3,6,16,2,w. UR or LaJ,-,-,w. CC,-,-,-,-,-,-,-,11
Social Changes / wPolityce.pl,9–12 Apr 2021,33,18,10,2,9,24,3,w. UR or LaJ,-,-,w. CC,-,-,-,-,-,-,-,1
"IBRiS / ""Rz""",9–10 Apr 2021,31.0,15.2,8.1,5.1,7.2,19.1,-,w. UR or LaJ,-,-,w. CC,-,-,-,-,-,-,-,14.3
"United Surveys / DGP, RMF",9 Apr 2021,33.3,17.9,8.9,4.9,4.8,19.0,-,w. UR or LaJ,-,-,w. CC,-,-,-,-,-,-,-,11.2
IBSP,7–9 Apr 2021,30.36,20.32,10.81,2.00,8.77,25.05,-,w. UR or LaJ,-,-,w. CC,-,-,-,-,-,-,-,2.69
Research Partner,2–6 Apr 2021,27.1,17.5,7.3,2.3,7.6,23.8,2.8,w. UR or LaJ,-,-,w. CC,-,-,-,-,-,-,-,11.6
Social Changes / wPolityce.pl,2–5 Apr 2021,34,24,14,3,8,-,3,w. UR or LaJ,-,-,w. CC,-,-,-,-,-,-,-,14
Social Changes / wPolityce.pl,2–5 Apr 2021,30,20,13,2,8,22,3,w. UR or LaJ,-,-,w. CC,-,-,-,-,-,-,-,2
Social Changes / wPolityce.pl,26–29 Mar 2021,32,22,13,3,11,-,4,w. UR or LaJ,-,-,w. CC,-,-,-,-,-,-,-,15
Social Changes / wPolityce.pl,26–29 Mar 2021,28,17,12,5,10,22,4,w. UR or LaJ,-,-,w. CC,-,-,-,-,-,-,-,2
IBRiS / Onet,27–28 Mar 2021,31.0,17.3,9.1,5.0,7.3,17.2,-,w. UR or LaJ,-,-,w. CC,-,-,-,-,-,-,-,13.1
Social Changes / wPolityce.pl,19–22 Mar 2021,32,23,12,4,10,-,4,w. UR or LaJ,-,-,w. CC,-,-,-,-,-,-,-,15
Social Changes / wPolityce.pl,19–22 Mar 2021,29,18,10,3,10,24,4,w. UR or LaJ,-,-,w. CC,-,-,-,-,-,-,-,2
Research Partner,19–22 Mar 2021,29.8,15.7,8.7,2.3,8.7,22.1,1.8,w. UR or LaJ,-,-,w. CC,-,-,-,-,-,-,-,10.9
United Surveys / WP.pl,19 Mar 2021,33.2,18.5,9.3,6.3,6.5,13.2,-,w. UR or LaJ,-,-,w. CC,-,-,-,-,-,-,-,12.9
Kantar / Polityka,19 Mar 2021,28,17,10,2,8,25,-,w. UR or LaJ,-,-,w. CC,-,-,-,-,-,-,-,10
"Kantar / ""GW"", OKO.press",17–18 Mar 2021,26,16,8,3,9,23,-,w. UR or LaJ,-,-,w. CC,-,-,-,-,-,-,-,16
Social Changes / wPolityce.pl,12–15 Mar 2021,33,24,13,3,10,-,3,w. UR or LaJ,-,-,w. CC,-,-,-,-,-,-,-,14
Social Changes / wPolityce.pl,12–15 Mar 2021,31,18,10,2,9,25,3,w. UR or LaJ,-,-,w. CC,-,-,-,-,-,-,-,2
Estymator / DoRzeczy.pl,11–12 Mar 2021,37.7,17.1,11.6,5.9,6.8,18.3,2.4,w. UR or LaJ,-,-,w. CC,-,-,-,-,-,-,-,0.2
PGB Opinium,11–12 Mar 2021,30.0,18.8,8.6,4.1,8.3,21.6,1.1,w. UR or LaJ,-,-,w. CC,-,-,-,-,-,-,-,7.48
CBOS,1–11 Mar 2021,33.3,11.3,6.0,2.4,6.7,17.2,0.8,w. UR or LaJ,-,-,w. CC,-,-,-,-,-,-,-,22.3
Kantar,5–10 Mar 2021,30,24,8,3,5,14,2,w. UR or LaJ,-,-,w. CC,-,-,-,-,-,-,-,14
Research Partner,5–8 Mar 2021,26.9,17.9,10.0,1.1,8.0,22.1,2.5,w. UR or LaJ,-,-,w. CC,-,-,-,-,-,-,-,11.4
Social Changes / wPolityce.pl,5–8 Mar 2021,32,24,13,4,10,-,4,w. UR or LaJ,-,-,w. CC,-,-,-,-,-,-,-,13
Social Changes / wPolityce.pl,5–8 Mar 2021,31,20,12,3,9,20,3,w. UR or LaJ,-,-,w. CC,-,-,-,-,-,-,-,2
Opinia24 / RMF,1–7 Mar 2021,29,20,9,2,8,24,2,w. UR or LaJ,-,-,w. CC,-,-,-,-,-,-,-,7
"IBRiS / ""Rz""",5–6 Mar 2021,32.3,18.1,7.4,6.0,6.2,17.9,-,w. UR or LaJ,-,-,w. CC,-,-,-,-,-,-,-,12.1
United Surveys / WP.pl,5 Mar 2021,33.0,17.5,9.6,5.3,5.3,17.7,-,w. UR or LaJ,-,-,w. CC,-,-,-,-,-,-,-,11.6
Pollster / SE.pl,3–4 Mar 2021,39.86,20.32,9.79,4.8,6.95,17.32,-,w. UR or LaJ,-,-,w. CC,-,-,-,-,-,-,-,0.96
Social Changes / wPolityce.pl,26 Feb–1 Mar 2021,30,28,12,3,10,-,4,w. UR or LaJ,-,-,w. CC,-,-,-,-,-,-,-,13
Social Changes / wPolityce.pl,26 Feb–1 Mar 2021,28,22,11,3,9,21,4,w. UR or LaJ,-,-,w. CC,-,-,-,-,-,-,-,2
IBRiS / Onet,27–28 Feb 2021,32.9,18.2,10.1,5.9,5.0,17.3,-,w. UR or LaJ,-,-,w. CC,-,-,-,-,-,-,-,10.6
IBSP,25–26 Feb 2021,26.96,18.85,9.34,3.23,6.96,31.26,-,w. UR or LaJ,-,-,w. CC,-,-,-,-,-,-,-,3.40
Estymator / DoRzeczy.pl,25–26 Feb 2021,37.6,19.2,11.4,5.5,6.9,17.1,2.1,w. UR or LaJ,-,-,w. CC,-,-,-,-,-,-,-,0.2
Social Changes / wPolityce.pl,19–22 Feb 2021,33,26,13,3,10,-,4,w. UR or LaJ,-,-,w. CC,-,-,-,-,-,-,-,11
Social Changes / wPolityce.pl,19–22 Feb 2021,30,19,12,2,8,23,4,w. UR or LaJ,-,-,w. CC,-,-,-,-,-,-,-,2
United Surveys / WP.pl,19 Feb 2021,33.5,19.3,11.4,5.8,6.0,14.6,-,w. UR or LaJ,-,-,w. CC,-,-,-,-,-,-,-,9.3
PGB Opinium,15–16 Feb 2021,31.2,19.0,7.5,4.9,8.2,20.6,0.5,w. UR or LaJ,-,-,w. CC,-,-,-,-,-,-,-,8.0
Social Changes / wPolityce.pl,12–15 Feb 2021,33,24,15,3,9,-,3,w. UR or LaJ,-,-,w. CC,-,-,-,-,-,-,-,13
Social Changes / wPolityce.pl,12–15 Feb 2021,30,17,12,3,10,23,3,w. UR or LaJ,-,-,w. CC,-,-,-,-,-,-,-,2
Estymator / DoRzeczy.pl,12–13 Feb 2021,37.4,21.5,9.7,5.4,7.1,16.2,2.4,w. UR or LaJ,-,-,w. CC,-,-,-,-,-,-,-,0.3
IPSOS / OKO.press,10–12 Feb 2021,29,20,10,4,10,20,-,w. UR or LaJ,-,-,w. CC,-,-,-,-,-,-,-,7
CBOS,1–11 Feb 2021,33.2,12.4,4.4,2.0,5.5,19.2,1.0,w. UR or LaJ,-,-,w. CC,-,-,-,-,-,-,-,22.3
Kantar,5–10 Feb 2021,31,18,7,4,7,15,2,w. UR or LaJ,-,-,w. CC,-,-,-,-,-,-,-,17
Social Changes / wPolityce.pl,5–8 Feb 2021,30,25,11,4,10,-,6,w. UR or LaJ,-,-,w. CC,-,-,-,-,-,-,-,14
Social Changes / wPolityce.pl,5–8 Feb 2021,29,20,10,2,9,23,5,w. UR or LaJ,-,-,w. CC,-,-,-,-,-,-,-,2
"IBRiS / ""Rz""",5–6 Feb 2021,32,19,8,5,6,18,-,w. UR or LaJ,-,-,w. CC,-,-,-,-,-,-,-,12
United Surveys / WP.pl,5 Feb 2021,33.5,19.7,8.0,5.6,7.0,15.0,-,w. UR or LaJ,-,-,w. CC,-,-,-,-,-,-,-,11.2
Kantar,29 Jan–3 Feb 2021,29,23,6,4,5,14,2,w. UR or LaJ,-,-,w. CC,-,-,-,-,-,-,-,17
Social Changes / wPolityce.pl,29 Jan–1 Feb 2021,34,23,12,2,9,-,4,w. UR or LaJ,-,-,w. CC,-,-,-,-,-,-,-,16
Social Changes / wPolityce.pl,29 Jan–1 Feb 2021,31,17,9,2,9,27,3,w. UR or LaJ,-,-,w. CC,-,-,-,-,-,-,-,2
Pollster / SE.pl,29 Jan–1 Feb 2021,41.42,23.21,9.73,3.59,5.64,15.25,-,w. UR or LaJ,-,-,w. CC,-,-,-,-,-,-,-,-
IBRiS / Onet,30–31 Jan 2021,31.1,19.2,8.9,5.5,7.4,16.9,-,w. UR or LaJ,-,-,w. CC,-,-,-,-,-,-,-,11.1
Estymator / DoRzeczy.pl,28–29 Jan 2021,38.4,21.8,11.1,5.2,6.7,14.6,2.0,w. UR or LaJ,-,-,w. CC,-,-,-,-,-,-,-,0.2
IBSP,25–26 Jan 2021,26.96,20.24,7.56,2.61,10.99,27.70,-,w. UR or LaJ,-,-,w. CC,-,-,-,-,-,-,-,3.94
Social Changes / wPolityce.pl,22–25 Jan 2021,31,26,12,5,10,-,4,w. UR or LaJ,-,-,w. CC,-,-,-,-,-,-,-,12
Social Changes / wPolityce.pl,22–25 Jan 2021,29,21,9,4,8,24,3,w. UR or LaJ,-,-,w. CC,-,-,-,-,-,-,-,2
IBRiS / WP.pl,23 Jan 2021,30.0,19.6,9.5,5.0,7.5,17.5,-,w. UR or LaJ,-,-,w. CC,-,-,-,-,-,-,-,10.9
"United Surveys / DGP, RMF",22 Jan 2021,32.5,20.9,10.2,3.6,4.6,16.2,-,w. UR or LaJ,-,-,w. CC,-,-,-,-,-,-,-,12.0
PGB Opinium,20-21 Jan 2021,34.7,20.8,8.6,5.5,6.5,14.3,0.9,w. UR or LaJ,-,-,w. CC,-,-,-,-,-,-,-,8.8
Social Changes / wPolityce.pl,15–18 Jan 2021,33,29,12,3,11,-,4,w. UR or LaJ,-,-,w. CC,-,-,-,-,-,-,-,8
Social Changes / wPolityce.pl,15–18 Jan 2021,30,22,10,2,10,22,3,w. UR or LaJ,-,-,w. CC,-,-,-,-,-,-,-,1
Estymator / DoRzeczy.pl,14–15 Jan 2021,39.6,22.1,10.2,6.6,6.0,12.9,2.3,w. UR or LaJ,-,-,w. CC,-,-,-,-,-,-,-,0.3
CBOS,4–14 Jan 2021,35.2,13.7,5.0,2.0,5.3,18.2,1.0,w. UR or LaJ,-,-,w. CC,-,-,-,-,-,-,-,19.6
Social Changes / wPolityce.pl,8–11 Jan 2021,35,27,12,3,10,-,4,w. UR or LaJ,-,-,w. CC,-,-,-,-,-,-,-,9
Social Changes / wPolityce.pl,8–11 Jan 2021,32,23,9,2,8,22,3,w. UR or LaJ,-,-,w. CC,-,-,-,-,-,-,-,1
"IBRiS / ""Rz""",8–9 Jan 2021,33.2,20.6,7.7,5.2,6.4,12.6,-,w. UR or LaJ,-,-,w. CC,-,-,-,-,-,-,-,14.3
Social Changes / wPolityce.pl,1–5 Jan 2021,33,29,12,4,9,-,4,w. UR or LaJ,-,-,w. CC,-,-,-,-,-,-,-,9
Social Changes / wPolityce.pl,1–5 Jan 2021,31,24,10,2,7,19,4,w. UR or LaJ,-,-,w. CC,-,-,-,-,-,-,-,3
Estymator / DoRzeczy.pl,28–29 Dec 2020,39.2,23.6,10.9,7.4,4.8,12.9,-,w. UR or LaJ,-,-,w. CC,-,-,-,-,-,-,-,1.2
Social Changes / wPolityce.pl,25–28 Dec 2020,35,25,13,3,9,-,5,w. UR or LaJ,-,-,w. CC,-,-,-,-,-,-,-,10
Social Changes / wPolityce.pl,25–28 Dec 2020,33,19,11,3,8,20,4,w. UR or LaJ,-,-,w. CC,-,-,-,-,-,-,-,2
IBRiS / WP.pl,21–22 Dec 2020,33.2,23.6,8.9,6.0,4.5,9.1,-,w. UR or LaJ,-,-,w. CC,-,-,-,-,-,-,-,14.7
Social Changes / wPolityce.pl,18–21 Dec 2020,33,26,14,2,9,-,5,w. UR or LaJ,-,-,w. CC,-,-,-,-,-,-,-,11
Social Changes / wPolityce.pl,18–21 Dec 2020,31,20,11,4,10,20,2,w. UR or LaJ,-,-,w. CC,-,-,-,-,-,-,-,2
IBRiS / Onet.pl,16 Dec 2020,33.0,22.3,7.1,6.1,4.9,11.0,-,w. UR or LaJ,-,-,w. CC,-,-,-,-,-,-,-,15.5
Social Changes / wPolityce.pl,11–14 Dec 2020,36,26,12,4,10,-,3,w. UR or LaJ,-,-,w. CC,-,-,-,-,-,-,-,9
Social Changes / wPolityce.pl,11–14 Dec 2020,34,20,10,4,8,19,3,w. UR or LaJ,-,-,w. CC,-,-,-,-,-,-,-,2
Pollster / SE.pl,12 Dec 2020,40.05,26.29,8.52,5.27,6.03,12.44,-,w. UR or LaJ,-,-,w. CC,-,-,-,-,-,-,-,1.40
IBRiS / WP.pl,11–12 Dec 2020,34.0,23.4,9.7,6.2,4.0,14.4,-,w. UR or LaJ,-,-,w. CC,-,-,-,-,-,-,-,8.3
Estymator / DoRzeczy.pl,10–11 Dec 2020,38.3,24.9,10.9,5.7,4.4,13.2,2.4,w. UR or LaJ,-,-,w. CC,-,-,-,-,-,-,-,0.2
PGB Opinium,9–10 Dec 2020,33.7,23.8,9.0,4.8,5.9,13.6,0.7,w. UR or LaJ,-,-,w. CC,-,-,-,-,-,-,-,8.6
CBOS,30 Nov–10 Dec 2020,31.1,18.1,3.9,2.0,5.1,15.6,2.0,w. UR or LaJ,-,-,w. CC,-,-,-,-,-,-,-,22.2
Kantar Public,4–9 Dec 2020,25,25,8,5,6,13,2,w. UR or LaJ,-,-,w. CC,-,-,-,-,-,-,-,16
Social Changes / wPolityce.pl,4–8 Dec 2020,31,27,13,3,10,-,3,w. UR or LaJ,-,-,w. CC,-,-,-,-,-,-,-,13
Social Changes / wPolityce.pl,4–8 Dec 2020,28,22,11,3,10,22,3,w. UR or LaJ,-,-,w. CC,-,-,-,-,-,-,-,1
Social Changes / wPolityce.pl,27–30 Nov 2020,32,28,14,3,11,-,w. PC,w. UR or LaJ,-,-,w. CC,-,-,-,-,-,-,-,12
Social Changes / wPolityce.pl,27–30 Nov 2020,29,21,12,3,10,23,w. PC,w. UR or LaJ,-,-,w. CC,-,-,-,-,-,-,-,2
"United Surveys / DGP, RMF",27–28 Nov 2020,33.6,23.0,9.8,6.1,4.7,11.8,w. PC,w. UR or LaJ,-,-,w. CC,-,-,-,-,-,-,-,11.0
IBRiS / WP.pl,27 Nov 2020,32.7,22.4,10.1,5.8,5.4,12.6,w. PC,w. UR or LaJ,-,-,w. CC,-,-,-,-,-,-,-,11.0
Estymator / DoRzeczy.pl,26–27 Nov 2020,36.9,27.4,9.6,4.8,5.2,15.8,w. PC,w. UR or LaJ,-,-,w. CC,-,-,-,-,-,-,-,0.3
IPSOS / OKO.press,23–25 Nov 2020,29,23,10,4,9,20,w. PC,w. UR or LaJ,-,-,w. CC,-,-,-,-,-,-,-,5
Kantar Public / TVN,20–23 Nov 2020,27,25,8,4,7,14,w. PC,w. UR or LaJ,-,-,w. CC,-,-,-,-,-,-,-,15
Social Changes / wPolityce.pl,20–23 Nov 2020,33,26,13,5,10,-,w. PC,w. UR or LaJ,-,-,w. CC,-,-,-,-,-,-,-,13
Social Changes / wPolityce.pl,20–23 Nov 2020,32,21,10,4,9,21,w. PC,w. UR or LaJ,-,-,w. CC,-,-,-,-,-,-,-,3
Social Changes / wPolityce.pl,13–16 Nov 2020,32,31,12,6,8,-,w. PC,w. UR or LaJ,-,-,w. CC,-,-,-,-,-,-,-,11
Social Changes / wPolityce.pl,13–16 Nov 2020,28,24,10,6,7,22,w. PC,w. UR or LaJ,-,-,w. CC,-,-,-,-,-,-,-,3
CBOS,5–15 Nov 2020,29.8,16.3,6.0,2.5,6.8,16.3,w. PC,w. UR or LaJ,-,-,w. CC,-,-,-,-,-,-,-,22.3
IBRiS / WP.pl,13–14 Nov 2020,33.0,24.1,8.4,5.0,2.3,13.1,w. PC,w. UR or LaJ,-,-,w. CC,-,-,-,-,-,-,-,14.0
Estymator / DoRzeczy.pl,12–13 Nov 2020,36.8,29.3,9.4,4.6,6.6,12.7,w. PC,w. UR or LaJ,-,-,w. CC,-,-,-,-,-,-,-,0.6
Kantar Public,6–12 Nov 2020,30,24,6,6,6,13,w. PC,w. UR or LaJ,-,-,w. CC,-,-,-,-,-,-,-,15
Social Changes / wPolityce.pl,6–9 Nov 2020,32,29,15,7,9,-,w. PC,w. UR or LaJ,-,-,w. CC,-,-,-,-,-,-,-,8
Social Changes / wPolityce.pl,6–9 Nov 2020,31,21,12,5,8,22,w. PC,w. UR or LaJ,-,-,w. CC,-,-,-,-,-,-,-,1
IBRiS / Onet,3 Nov 2020,28.7,24.7,7.0,5.1,5.1,11.3,w. PC,w. UR or LaJ,-,-,w. CC,-,-,-,-,-,-,-,18.0
Social Changes / wPolityce.pl,30 Oct–2 Nov 2020,30,27,14,6,10,-,w. PC,w. UR or LaJ,-,-,w. CC,-,-,-,-,-,-,-,13
United Surveys / RMF,31 Oct 2020,30.9,25.3,6.0,2.7,4.9,14.7,w. PC,w. UR or LaJ,-,-,w. CC,-,-,-,-,-,-,-,15.4
"IBRiS / ""Rz""",30–31 Oct 2020,28.0,23.1,6.2,2.8,4.4,14.9,w. PC,w. UR or LaJ,-,-,w. CC,-,-,-,-,-,-,-,20.6
IBRiS / WP.pl,30 Oct 2020,29.0,24.0,6.9,3.3,5.3,14.9,w. PC,w. UR or LaJ,-,-,w. CC,-,-,-,-,-,-,-,16.6
Estymator / DoRzeczy.pl,29–30 Oct 2020,33.4,26.8,10.4,4.1,8.7,13.0,w. PC,w. UR or LaJ,-,-,w. CC,-,-,-,-,-,-,-,3.6
CBOS,19–29 Oct 2020,31.3,18.1,6.9,3.7,8.1,9.7,w. PC,w. UR or LaJ,-,-,w. CC,-,-,-,-,-,-,-,22.2
Pollster / SE.pl,27–28 Oct 2020,37.83,31.57,9.76,5.12,5.98,8.35,w. PC,w. UR or LaJ,-,-,w. CC,-,-,-,-,-,-,-,1.39
PGB Opinium,26–28 Oct 2020,32.6,25.5,8.2,4.1,9.3,12.8,w. PC,w. UR or LaJ,-,-,w. CC,-,-,-,-,-,-,-,7.5
"Kantar Public / ""GW""",26–27 Oct 2020,26,24,8,3,8,18,w. PC,w. UR or LaJ,-,-,w. CC,-,-,-,-,-,-,-,13
Social Changes / wPolityce.pl,23–26 Oct 2020,37,26,13,6,11,-,w. PC,w. UR or LaJ,-,-,w. CC,-,-,-,-,-,-,-,7
Estymator / DoRzeczy.pl,22–23 Oct 2020,39.8,27.0,7.0,4.3,9.2,12.2,w. PC,w. UR or LaJ,-,-,w. CC,-,-,-,-,-,-,-,0.5
IBRiS / Onet.pl,20 Oct 2020,37.0,26.8,7.5,3.8,7.2,8.7,w. PC,w. UR or LaJ,-,-,w. CC,-,-,-,-,-,-,-,9.0
Social Changes / wPolityce.pl,16–19 Oct 2020,39,26,11,7,12,-,w. PC,w. UR or LaJ,-,-,w. CC,-,-,-,-,-,-,-,5
IBRiS / WP.pl,16 Oct 2020,36.1,28.2,6.4,2.5,7.8,9.4,w. PC,w. UR or LaJ,-,-,w. CC,-,-,-,-,-,-,-,9.6
Social Changes / wPolityce.pl,9–12 Oct 2020,36,27,14,5,12,-,w. PC,w. UR or LaJ,-,-,w. CC,-,-,-,-,-,-,-,6
CBOS,28 Sep–8 Oct 2020,40.4,15.7,5.3,3.1,8.1,7.7,w. PC,w. UR or LaJ,-,-,w. CC,-,-,-,-,-,-,-,19.7
Kantar Public,2–7 Oct 2020,36,28,7,4,5,9,w. PC,w. UR or LaJ,-,-,w. CC,-,-,-,-,-,-,-,9
Social Changes / wPolityce.pl,2–5 Oct 2020,36,20,13,4,10,15,w. PC,w. UR or LaJ,-,-,w. CC,-,-,-,-,-,-,-,2
Social Changes / wPolityce.pl,2–5 Oct 2020,38,24,14,6,11,-,w. PC,w. UR or LaJ,-,-,w. CC,-,-,-,-,-,-,-,7
IBRiS / WP.pl,2 Oct 2020,41.6,22.1,7.2,4.0,7.5,9.0,w. PC,w. UR or LaJ,-,-,w. CC,-,-,-,-,-,-,-,8.5
Social Changes / wPolityce.pl,25–28 Sep 2020,42,25,11,7,9,-,w. PC,w. UR or LaJ,-,-,w. CC,-,-,-,-,-,-,-,6
Estymator / DoRzeczy.pl,25–26 Sep 2020,42.9,25.6,6.4,5.2,8.2,11.4,w. PC,w. UR or LaJ,-,-,w. CC,-,-,-,-,-,-,-,0.3
Estymator / DoRzeczy.pl,25–26 Sep 2020,43.6,29.2,8.9,6.8,9.8,-,w. PC,w. UR or LaJ,-,-,w. CC,-,-,-,-,-,-,-,1.7
Social Changes / wPolityce.pl,18–21 Sep 2020,40,27,15,5,9,-,w. PC,w. UR or LaJ,-,-,w. CC,-,-,-,-,-,-,-,4
Social Changes / wPolityce.pl,18–21 Sep 2020,37,20,12,5,10,15,w. PC,w. UR or LaJ,-,-,w. CC,-,-,-,-,-,-,-,1
United Surveys / RMF,18–19 Sep 2020,40.5,23.3,6.0,5.0,6.7,9.1,w. PC,w. UR or LaJ,-,-,w. CC,-,-,-,-,-,-,-,9.4
IBRiS / WP.pl,18 Sep 2020,40.9,22.4,5.4,3.2,8.1,11.2,w. PC,w. UR or LaJ,-,-,w. CC,-,-,-,-,-,-,-,8.8
CBOS,7–17 Sep 2020,40.7,22.0,5.1,2.7,7.6,-,w. PC,w. UR or LaJ,-,-,w. CC,-,-,-,-,-,-,-,21.9
Social Changes / wPolityce.pl,11–14 Sep 2020,42,26,10,7,8,-,w. PC,w. UR or LaJ,-,-,w. CC,-,-,-,-,-,-,-,7
Kantar Public,4–9 Sep 2020,39,26,4,4,6,11,w. PC,w. UR or LaJ,-,-,w. CC,-,-,-,-,-,-,-,10
Social Changes / wPolityce.pl,4–7 Sep 2020,42,25,12,6,9,-,w. PC,w. UR or LaJ,-,-,w. CC,-,-,-,-,-,-,-,6
IBRiS / WP.pl,4–5 Sep 2020,41.3,28.6,6.7,5.9,8.4,-,w. PC,w. UR or LaJ,-,-,w. CC,-,-,-,-,-,-,-,9.1
Social Changes / wPolityce.pl,28–31 Aug 2020,42,26,11,7,8,-,w. PC,w. UR or LaJ,-,-,w. CC,-,-,-,-,-,-,-,6
Social Changes / wPolityce.pl,21–24 Aug 2020,41,25,13,6,-,9,w. PC,w. UR or LaJ,-,-,w. CC,-,-,-,-,-,-,-,6
IBRiS / WP.pl,21–22 Aug 2020,38.6,23.8,5.1,5.4,7.3,8.4,w. PC,w. UR or LaJ,-,-,w. CC,-,-,-,-,-,-,-,11.4
Social Changes / wPolityce.pl,14–17 Aug 2020,43,26,11,6,9,-,w. PC,w. UR or LaJ,-,-,w. CC,-,-,-,-,-,-,-,5
Estymator / DoRzeczy.pl,13–14 Aug 2020,44.0,29.8,9.6,6.9,8.5,-,w. PC,w. UR or LaJ,-,-,w. CC,-,-,-,-,-,-,-,1.2
Estymator / DoRzeczy.pl,13–14 Aug 2020,42.1,25.9,7.3,5.2,6.8,12.4,w. PC,w. UR or LaJ,-,-,w. CC,-,-,-,-,-,-,-,0.3
Social Changes / wPolityce.pl,7–10 Aug 2020,43,29,11,4,8,-,w. PC,w. UR or LaJ,-,-,w. CC,-,-,-,-,-,-,-,5
IBRiS / WP.pl,6–7 Aug 2020,36.0,31.0,9.1,5.0,6.7,-,w. PC,w. UR or LaJ,-,-,w. CC,-,-,-,-,-,-,-,12.2
IBRiS / WP.pl,6–7 Aug 2020,34.3,27.1,5.6,2.8,6.1,11.7,w. PC,w. UR or LaJ,-,-,w. CC,-,-,-,-,-,-,-,12.3
Social Changes / wPolityce.pl,31 Jul–3 Aug 2020,41,30,11,6,8,-,w. PC,w. UR or LaJ,-,-,w. CC,-,-,-,-,-,-,-,4
Social Changes / wPolityce.pl,31 Jul–3 Aug 2020,39,21,9,3,7,20,w. PC,w. UR or LaJ,-,-,w. CC,-,-,-,-,-,-,-,1
IBRiS / KO,29 Jul 2020,36,33,6,5,6,-,w. PC,w. UR or LaJ,-,-,w. CC,-,-,-,-,-,-,-,14
Social Changes / wPolityce.pl,24–27 Jul 2020,43,29,8,7,9,-,w. PC,w. UR or LaJ,-,-,w. CC,-,-,-,-,-,-,-,4
IBRiS / WP.pl,24–25 Jul 2020,39.2,26.5,9.8,5.1,9.3,-,w. PC,w. UR or LaJ,-,-,w. CC,-,-,-,-,-,-,-,10.1
IBRiS / WP.pl,24–25 Jul 2020,38.8,25.6,4.8,2.0,6.6,11.8,w. PC,w. UR or LaJ,-,-,w. CC,-,-,-,-,-,-,-,10.4
Estymator / DoRzeczy.pl,23–24 Jul 2020,43.9,30.8,9.4,6.5,8.8,-,w. PC,w. UR or LaJ,-,-,w. CC,-,-,-,-,-,-,-,0.6
Estymator / DoRzeczy.pl,23–24 Jul 2020,41.5,24.7,8.7,5.4,7.9,11.4,w. PC,w. UR or LaJ,-,-,w. CC,-,-,-,-,-,-,-,0.4
Social Changes / wPolityce.pl,17–20 Jul 2020,42,28,10,5,11,-,w. PC,w. UR or LaJ,-,-,w. CC,-,-,-,-,-,-,-,4
Social Changes / wPolityce.pl,17–20 Jul 2020,39,19,6,3,9,23,w. PC,w. UR or LaJ,-,-,w. CC,-,-,-,-,-,-,-,1
United Surveys / RMF,18 Jul 2020,37.5,29.1,8.0,5.4,8.7,-,w. PC,w. UR or LaJ,-,-,w. CC,-,-,-,-,-,-,-,11.3
IBRiS / Onet,17–18 Jul 2020,39.7,28.1,9.9,5.8,8.0,-,w. PC,w. UR or LaJ,-,-,w. CC,-,-,-,-,-,-,-,8.6
Pollster / SE.pl,8–9 Jul 2020,41.40,23.02,9.98,4.24,8.54,12.12,w. PC,w. UR or LaJ,-,-,w. CC,-,-,-,-,-,-,-,0.70
CBOS,30 Jun–9 Jul 2020,42.3,23.9,5.7,3.2,7.2,-,w. PC,w. UR or LaJ,-,-,w. CC,-,-,-,-,-,-,-,17.7
IBRiS / Onet,4 Jul 2020,38.0,23.6,7.3,5.2,7.3,11.9,w. PC,w. UR or LaJ,-,-,w. CC,-,-,-,-,-,-,-,6.8
Social Changes / wPolityce.pl,26–27 Jun 2020,42,25,14,8,9,-,w. PC,w. UR or LaJ,-,-,w. CC,-,-,-,-,-,-,-,2
Social Changes / wPolityce.pl,26–27 Jun 2020,41,20,9,5,6,18,w. PC,w. UR or LaJ,-,-,w. CC,-,-,-,-,-,-,-,1
IBSP,25–26 Jun 2020,43.85,30.94,8.88,6.15,9.75,-,w. PC,w. UR or LaJ,-,-,w. CC,-,-,-,-,-,-,-,0.43
CBOS,15–25 Jun 2020,44.2,23.9,6.6,4.1,5.6,-,w. PC,w. UR or LaJ,-,-,w. CC,-,-,-,-,-,-,-,15.6
IPSOS / OKO.press,22–23 Jun 2020,35,23,9,8,10,-,w. PC,w. UR or LaJ,-,-,w. CC,-,-,-,-,-,-,-,16
Social Changes / wPolityce.pl,19–23 Jun 2020,40,30,13,7,8,-,w. PC,w. UR or LaJ,-,-,w. CC,-,-,-,-,-,-,-,2
Social Changes / wPolityce.pl,19–23 Jun 2020,38,20,11,4,7,19,w. PC,w. UR or LaJ,-,-,w. CC,-,-,-,-,-,-,-,1
Estymator / DoRzeczy.pl,18–19 Jun 2020,42.8,28.4,9.6,10.4,7.5,-,w. PC,w. UR or LaJ,-,-,w. CC,-,-,-,-,-,-,-,0.3
Pollster / SE.pl,16–17 Jun 2020,41.3,29.6,10.7,9.1,8.8,-,w. PC,w. UR or LaJ,-,-,w. CC,-,-,-,-,-,-,-,0.5
IPSOS / OKO.press,15–16 Jun 2020,37,24,10,6,10,-,w. PC,w. UR or LaJ,-,-,w. CC,-,-,-,-,-,-,-,13
Social Changes / wPolityce.pl,12–16 Jun 2020,39,28,13,9,8,-,w. PC,w. UR or LaJ,-,-,w. CC,-,-,-,-,-,-,-,3
Pollster / SE.pl,9–10 Jun 2020,42.2,26.5,11.4,8.9,9.7,-,w. PC,w. UR or LaJ,-,-,w. CC,-,-,-,-,-,-,-,1.3
Kantar Public,5–10 Jun 2020,37,31,7,7,7,-,w. PC,w. UR or LaJ,-,-,w. CC,-,-,-,-,-,-,-,10
Social Changes / wPolityce.pl,5–9 Jun 2020,42,26,13,9,8,-,w. PC,w. UR or LaJ,-,-,w. CC,-,-,-,-,-,-,-,2
Kantar Public / PO,8 Jun 2020,36,29,8,5,10,-,w. PC,w. UR or LaJ,-,-,w. CC,-,-,-,-,-,-,-,12
Estymator / DoRzeczy.pl,3–4 Jun 2020,42.6,27.4,10.1,11.4,7.2,-,w. PC,w. UR or LaJ,-,-,w. CC,-,-,-,-,-,-,-,1.3
CBOS,22 May–4 Jun 2020,46.4,19.7,5.1,5.0,5.8,-,w. PC,w. UR or LaJ,-,-,w. CC,-,-,-,-,-,-,-,18.0
Social Changes / wPolityce.pl,29 May–2 Jun 2020,43,24,13,8,9,-,w. PC,w. UR or LaJ,-,-,w. CC,-,-,-,-,-,-,-,3
"IBRiS / ""Rz""",29 May 2020,41.0,24.3,9.0,11.2,7.5,-,w. PC,w. UR or LaJ,-,-,w. CC,-,-,-,-,-,-,-,7.0
Pollster / SE.pl,26–27 May 2020,39.9,26.0,14.1,9.4,9.5,-,w. PC,w. UR or LaJ,-,-,w. CC,-,-,-,-,-,-,-,1.1
Social Changes / wPolityce.pl,22–25 May 2020,42,24,14,9,9,-,w. PC,w. UR or LaJ,-,-,w. CC,-,-,-,-,-,-,-,2
IBRiS / WP.pl,22–23 May 2020,40.3,23.4,8.1,13.4,6.6,-,w. PC,w. UR or LaJ,-,-,w. CC,-,-,-,-,-,-,-,8.2
Estymator / DoRzeczy.pl,21–22 May 2020,41.9,26.1,11.6,11.9,6.6,-,w. PC,w. UR or LaJ,-,-,w. CC,-,-,-,-,-,-,-,1.9
Kantar Public,18–19 May 2020,37,23,8,7,11,-,w. PC,w. UR or LaJ,-,-,w. CC,-,-,-,-,-,-,-,14
Social Changes / wPolityce.pl,11–18 May 2020,47,21,14,8,7,-,w. PC,w. UR or LaJ,-,-,w. CC,-,-,-,-,-,-,-,3
Pollster / SE.pl,15–17 May 2020,38.5,24.5,13.6,12.6,9,-,w. PC,w. UR or LaJ,-,-,w. CC,-,-,-,-,-,-,-,1.8
Estymator / DoRzeczy.pl,14–15 May 2020,45.8,17.3,12.8,14.1,8.9,-,w. PC,w. UR or LaJ,-,-,w. CC,-,-,-,-,-,-,-,1.1
Estymator / DoRzeczy.pl,14–15 May 2020,44.1,13.4,10.2,12.9,8.8,10.6,w. PC,w. UR or LaJ,-,-,w. CC,-,-,-,-,-,-,-,0
Kantar Public / KO,14 May 2020,41.1,29.7,10.3,8.0,9.7,-,w. PC,w. UR or LaJ,-,-,w. CC,-,-,-,-,-,-,-,1.2
Social Changes / wPolityce.pl,12–14 May 2020,47,18,12,11,9,-,w. PC,w. UR or LaJ,-,-,w. CC,-,-,-,-,-,-,-,3
IBRiS / Onet,8–9 May 2020,37.7,15.6,8.2,12.8,8.7,-,w. PC,w. UR or LaJ,-,-,w. CC,-,-,-,-,-,-,-,17.0
Kantar Public / KO,8 May 2020,39.3,28.5,13.0,9.4,8.9,-,w. PC,w. UR or LaJ,-,-,w. CC,-,-,-,-,-,-,-,0.9
Social Changes / wPolityce.pl,6–7 May 2020,52,17,12,8,10,-,w. PC,w. UR or LaJ,-,-,w. CC,-,-,-,-,-,-,-,1
Pollster / SE.pl,30 Apr–4 May 2020,40.2,23.7,14.7,11.0,9.4,-,w. PC,w. UR or LaJ,-,-,w. CC,-,-,-,-,-,-,-,1.0
IPSOS / OKO.press,27–29 Apr 2020,38,16,10,8,8,-,w. PC,w. UR or LaJ,-,-,w. CC,-,-,-,-,-,-,-,20
Social Changes / wPolityce.pl,24–27 Apr 2020,52,17,12,8,9,-,w. PC,w. UR or LaJ,-,-,w. CC,-,-,-,-,-,-,-,2
Estymator / DoRzeczy.pl,23–24 Apr 2020,42.7,19.7,14.4,15.8,7.2,-,w. PC,w. UR or LaJ,-,-,w. CC,-,-,-,-,-,-,-,0.2
Social Changes / wPolityce.pl,17–20 Apr 2020,53,17,12,7,10,-,w. PC,w. UR or LaJ,-,-,w. CC,-,-,-,-,-,-,-,1
Kantar Public,16–17 Apr 2020,36,21,11,12,8,-,w. PC,w. UR or LaJ,-,-,w. CC,-,-,-,-,-,-,-,12
Social Changes / wPolityce.pl,10–13 Apr 2020,52,15,11,8,11,-,w. PC,w. UR or LaJ,-,-,w. CC,-,-,-,-,-,-,-,3
Estymator / DoRzeczy.pl,8–9 Apr 2020,45.4,20.4,15.9,12.6,5.4,-,w. PC,w. UR or LaJ,-,-,w. CC,-,-,-,-,-,-,-,0.3
Pollster / SE.pl,6–7 Apr 2020,44.0,22.4,15.7,8.7,7.7,-,w. PC,w. UR or LaJ,-,-,w. CC,-,-,-,-,-,-,-,1.5
Social Changes / wPolityce.pl,3–6 Apr 2020,49,18,14,10,9,-,w. PC,w. UR or LaJ,-,-,w. CC,-,-,-,-,-,-,-,0
IBSP / wp.pl,31 Mar–2 Apr 2020,42.0,27.1,12.5,9.6,8.7,-,w. PC,w. UR or LaJ,-,-,w. CC,-,-,-,-,-,-,-,0.1
Social Changes / wPolityce.pl,27–30 Mar 2020,51,21,12,7,8,-,w. PC,w. UR or LaJ,-,-,w. CC,-,-,-,-,-,-,-,1
Estymator / DoRzeczy.pl,25–26 Mar 2020,44.3,22.9,15.0,12.3,5.2,-,w. PC,w. UR or LaJ,-,-,w. CC,-,-,-,-,-,-,-,0.3
Social Changes / wPolityce.pl,20–23 Mar 2020,44,24,16,8,8,-,w. PC,w. UR or LaJ,-,-,w. CC,-,-,-,-,-,-,-,0
Pollster / SE.pl,17–18 Mar 2020,41.9,23.8,15.4,10.2,8.2,-,w. PC,w. UR or LaJ,-,-,w. CC,-,-,-,-,-,-,-,0.5
Social Changes / wPolityce.pl,13–17 Mar 2020,40,26,17,10,7,-,w. PC,w. UR or LaJ,-,-,w. CC,-,-,-,-,-,-,-,0
CBOS,5–15 Mar 2020,49.1,20.6,7.7,7.0,6.9,-,w. PC,w. UR or LaJ,-,-,w. CC,-,-,-,-,-,-,-,8.7
Estymator / DoRzeczy.pl,12–13 Mar 2020,42.0,25.3,15.2,10.3,6.5,-,w. PC,w. UR or LaJ,-,-,w. CC,-,-,-,-,-,-,-,0.7
IBSP / wp.pl,10–13 Mar 2020,47.6,21.9,12.4,8.1,9.8,-,w. PC,w. UR or LaJ,-,-,w. CC,-,-,-,-,-,-,-,0.2
Kantar Public,6–11 Mar 2020,41,28,10,7,5,-,w. PC,w. UR or LaJ,-,-,w. CC,-,-,-,-,-,-,-,9
Social Changes / wPolityce.pl,6–10 Mar 2020,45,24,15,9,7,-,w. PC,w. UR or LaJ,-,-,w. CC,-,-,-,-,-,-,-,0
Social Changes / wPolityce.pl,28 Feb–2 Mar 2020,41,26,18,7,8,-,w. PC,w. UR or LaJ,-,-,w. CC,-,-,-,-,-,-,-,0
Estymator / DoRzeczy.pl,27–28 Feb 2020,41.7,28.6,13.4,9.6,6.2,-,w. PC,w. UR or LaJ,-,-,w. CC,-,-,-,-,-,-,-,0.5
Pollster / SE.pl,24–26 Feb 2020,41.4,25.1,14.4,9.8,8.3,-,w. PC,w. UR or LaJ,-,-,w. CC,-,-,-,-,-,-,-,1.0
Social Changes / wPolityce.pl,21–24 Feb 2020,41,25,16,8,9,-,w. PC,w. UR or LaJ,-,-,w. CC,-,-,-,-,-,-,-,1
IPSOS / OKO.press,20–22 Feb 2020,38,26,13,7,8,-,w. PC,w. UR or LaJ,-,-,w. CC,-,-,-,-,-,-,-,8
IBSP / wp.pl,18–20 Feb 2020,38.4,30.9,13.4,7.9,9.0,-,w. PC,w. UR or LaJ,-,-,w. CC,-,-,-,-,-,-,-,0.4
Social Changes / wPolityce.pl,14–18 Feb 2020,39,25,16,11,9,-,w. PC,w. UR or LaJ,-,-,w. CC,-,-,-,-,-,-,-,0
CBOS,6–16 Feb 2020,44,24,9,5,6,-,w. PC,w. UR or LaJ,-,-,w. CC,-,-,-,-,-,-,-,12
Estymator / DoRzeczy.pl,12–13 Feb 2020,40.6,29.8,13.2,9.3,6.4,-,w. PC,w. UR or LaJ,-,-,w. CC,-,-,-,-,-,-,-,0.7
Kantar Public,7–12 Feb 2020,41,26,10,7,4,-,w. PC,w. UR or LaJ,-,-,w. CC,-,-,-,-,-,-,-,12
Social Changes / wPolityce.pl,7–11 Feb 2020,42,25,15,8,8,-,w. PC,w. UR or LaJ,-,-,w. CC,-,-,-,-,-,-,-,2
"IBRiS / ""Rz""",7–8 Feb 2020,35.9,27.2,15.6,7.3,6.3,-,w. PC,w. UR or LaJ,-,-,w. CC,-,-,-,-,-,-,-,7.7
Social Changes / wPolityce.pl,1–4 Feb 2020,39,28,15,9,7,-,w. PC,w. UR or LaJ,-,-,w. CC,-,-,-,-,-,-,-,2
Kantar Public / TVN,29–30 Jan 2020,35,30,13,7,7,-,w. PC,w. UR or LaJ,-,-,w. CC,-,-,-,-,-,-,-,8
Social Changes / wPolityce.pl,24–27 Jan 2020,39,27,17,9,7,-,w. PC,w. UR or LaJ,-,-,w. CC,-,-,-,-,-,-,-,1
IBRiS / RMF,24–25 Jan 2020,38,26,15,7,6,-,w. PC,w. UR or LaJ,-,-,w. CC,-,-,-,-,-,-,-,8
Estymator / DoRzeczy.pl,23–24 Jan 2020,43.5,29.7,11.8,8.7,5.9,-,w. PC,w. UR or LaJ,-,-,w. CC,-,-,-,-,-,-,-,0.4
Pollster / SE.pl,22–23 Jan 2020,40.5,27.4,14.7,8.3,8.5,-,w. PC,w. UR or LaJ,-,-,w. CC,-,-,-,-,-,-,-,0.7
Social Changes / wPolityce.pl,17–21 Jan 2020,41,26,17,7,8,-,w. PC,w. UR or LaJ,-,-,w. CC,-,-,-,-,-,-,-,1
IBSP / wp.pl,14–16 Jan 2020,37.8,31.3,13.3,7.4,9.7,-,w. PC,w. UR or LaJ,-,-,w. CC,-,-,-,-,-,-,-,0.5
Pollster / SE.pl,14–16 Jan 2020,41.1,27.5,14.5,8.5,8.1,-,w. PC,w. UR or LaJ,-,-,w. CC,-,-,-,-,-,-,-,0.3
CBOS,9–16 Jan 2020,44,23,10,7,5,-,w. PC,w. UR or LaJ,-,-,w. CC,-,-,-,-,-,-,-,11
Kantar Public,9–15 Jan 2020,38,28,13,6,3,-,w. PC,w. UR or LaJ,-,-,w. CC,-,-,-,-,-,-,-,12
Social Changes / wPolityce.pl,10–14 Jan 2020,42,23,18,8,8,-,w. PC,w. UR or LaJ,-,-,w. CC,-,-,-,-,-,-,-,1
"IBRiS / ""Rz""",10–11 Jan 2020,37.3,26.9,12.9,4.7,5.0,-,w. PC,w. UR or LaJ,-,-,w. CC,-,-,-,-,-,-,-,13.2
Estymator / DoRzeczy.pl,9–10 Jan 2020,45.4,28.2,10.5,8.6,6.4,-,w. PC,w. UR or LaJ,-,-,w. CC,-,-,-,-,-,-,-,0.9
Social Changes / wPolityce.pl,3–7 Jan 2020,41,24,16,10,8,-,w. PC,w. UR or LaJ,-,-,w. CC,-,-,-,-,-,-,-,1
Social Changes / wPolityce.pl,27–31 Dec 2019,41,23,17,8,9,-,w. PC,w. UR or LaJ,-,-,w. CC,-,-,-,-,-,-,-,2
Social Changes / wPolityce.pl,20–24 Dec 2019,41,23,17,8,9,-,w. PC,w. UR or LaJ,-,-,w. CC,-,-,-,-,-,-,-,2
IBSP / wp.pl,22 Dec 2019,39.1,27.9,16.1,7.0,9.8,-,w. PC,w. UR or LaJ,-,-,w. CC,-,-,-,-,-,-,-,0.1
Pollster / SE.pl,20–22 Dec 2019,43.5,25.5,14.4,8.1,8.0,-,w. PC,w. UR or LaJ,-,-,w. CC,-,-,-,-,-,-,-,0.5
"IBRiS / ""Rz""",19–20 Dec 2019,39.8,26.8,9.9,7.5,6.1,-,w. PC,w. UR or LaJ,-,-,w. CC,-,-,-,-,-,-,-,9.9
Estymator / DoRzeczy.pl,19–20 Dec 2019,44.2,27.9,11.8,8.8,6.6,-,w. PC,w. UR or LaJ,-,-,w. CC,-,-,-,-,-,-,-,0.7
Kantar Public / TVN,17–18 Dec 2019,41,27,12,7,7,-,w. PC,w. UR or LaJ,-,-,w. CC,-,-,-,-,-,-,-,6
Social Changes / wPolityce.pl,13–17 Dec 2019,40,23,18,7,10,-,w. PC,w. UR or LaJ,-,-,w. CC,-,-,-,-,-,-,-,2
Kantar Public,6–11 Dec 2019,39,26,11,8,6,-,w. PC,w. UR or LaJ,-,-,w. CC,-,-,-,-,-,-,-,10
Social Changes / wPolityce.pl,6–10 Dec 2019,40,22,19,10,8,-,w. PC,w. UR or LaJ,-,-,w. CC,-,-,-,-,-,-,-,1
IBRiS / RMF,6–7 Dec 2019,35,25,12,5,7,-,w. PC,w. UR or LaJ,-,-,w. CC,-,-,-,-,-,-,-,16
CBOS,28 Nov–5 Dec 2019,45.2,21.7,11.2,6.2,6.3,-,w. PC,w. UR or LaJ,-,-,w. CC,-,-,-,-,-,-,-,9.4
Social Changes / wPolityce.pl,28 Nov–3 Dec 2019,40,24,16,9,9,-,w. PC,w. UR or LaJ,-,-,w. CC,-,-,-,-,-,-,-,2
Kantar Public / PO,29–30 Nov 2019,35,28,14,9,12,-,w. PC,w. UR or LaJ,-,-,w. CC,-,-,-,-,-,-,-,2
Pollster / SE.pl,27 Nov 2019,44.6,23.3,14.9,7.8,8.4,-,w. PC,w. UR or LaJ,-,-,w. CC,-,-,-,-,-,-,-,1.0
Social Changes / wPolityce.pl,22–26 Nov 2019,40,24,18,10,6,-,w. PC,w. UR or LaJ,-,-,w. CC,-,-,-,-,-,-,-,2
"IBRiS / ""Rz""",22–23 Nov 2019,39.6,24.8,12.8,6.0,6.2,-,w. PC,w. UR or LaJ,-,-,w. CC,-,-,-,-,-,-,-,10.6
Kantar Public,15–20 Nov 2019,38,27,10,7,6,-,w. PC,w. UR or LaJ,-,-,w. CC,-,-,-,-,-,-,-,12
Social Changes / wPolityce.pl,15–19 Nov 2019,40,25,17,8,9,-,w. PC,w. UR or LaJ,-,-,w. CC,-,-,-,-,-,-,-,1
CBOS,7–17 Nov 2019,45.7,20.0,11.6,8.8,6.2,-,w. PC,w. UR or LaJ,-,-,w. CC,-,-,-,-,-,-,-,7.7
Social Changes / wPolityce.pl,8–12 Nov 2019,42,25,15,9,8,-,w. PC,w. UR or LaJ,-,-,w. CC,-,-,-,-,-,-,-,1
"Kantar Public / ""WO""",5–12 Nov 2019,38,27,14,7,9,-,w. PC,w. UR or LaJ,-,-,w. CC,-,-,-,-,-,-,-,5
Pollster / SE.pl,5–6 Nov 2019,46.4,25.0,12.7,8.8,5.7,-,w. PC,w. UR or LaJ,-,-,w. CC,-,-,-,-,-,-,-,1.4
Social Changes / wPolityce.pl,1–5 Nov 2019,43,24,17,8,7,-,w. PC,w. UR or LaJ,-,-,w. CC,-,-,-,-,-,-,-,1
CBM Indicator / TVP,31 Oct–4 Nov 2019,44.0,26.1,14.4,8.8,6.2,-,w. PC,w. UR or LaJ,-,-,w. CC,-,-,-,-,-,-,-,0.5
Social Changes / wPolityce.pl,25–30 Oct 2019,41.1,24.9,15.9,9.8,8.3,-,w. PC,w. UR or LaJ,-,-,w. CC,-,-,-,-,-,-,-,0.0
IPSOS / OKO.press,21–23 Oct 2019,41,23,15,9,7,-,w. PC,w. UR or LaJ,-,-,w. CC,-,-,-,-,-,-,-,5
"IBRiS / ""Rz""",18–19 Oct 2019,41.3,21.7,12.3,7.1,6.5,-,w. PC,w. UR or LaJ,-,-,w. CC,-,-,-,-,-,-,-,11.1
Kantar Public,11–16 Oct 2019,39,27,14,7,7,-,w. PC,w. UR or LaJ,-,-,w. CC,-,-,-,-,-,-,-,6
IBRiS / RMF,11 Oct 2019,42.0,22.3,14.0,5.9,4.7,-,w. PC,w. UR or LaJ,-,-,w. CC,-,-,-,-,-,-,-,11.1
IBSP,10-11 Oct 2019,42.1,27.0,15.7,6.3,8.6,-,w. PC,w. UR or LaJ,-,-,w. CC,-,-,-,-,-,-,-,0.3
Indicator / TVP,9-10 Oct 2019,44.9,25.7,12.7,6.9,4.7,-,w. PC,w. UR or LaJ,-,-,w. CC,-,-,-,-,-,-,-,5.1
"Estymator / ""Do Rzeczy""",9-10 Oct 2019,48.2,25.3,14.1,6.8,4.9,-,w. PC,w. UR or LaJ,-,-,w. CC,-,-,-,-,-,-,-,0.7
Pollster / SE.pl,9-10 Oct 2019,45.4,27.2,14.3,7.0,4.7,-,w. PC,w. UR or LaJ,-,-,w. CC,-,-,-,-,-,-,-,1.4
Kantar Public / TVN,9-10 Oct 2019,40,26,12,7,7,-,w. PC,w. UR or LaJ,-,-,w. CC,-,-,-,-,-,-,-,8
Social Changes / wpolityce.pl,4-10 Oct 2019,47.3,24.4,16.2,6.1,6.0,-,w. PC,w. UR or LaJ,-,-,w. CC,-,-,-,-,-,-,-,0.0
CBOS,3-10 Oct 2019,46,19,9,8,6,-,w. PC,w. UR or LaJ,-,-,w. CC,-,-,-,-,-,-,-,12
IBRiS / ZET,9 Oct 2019,42.6,22.5,13.1,6.9,4.3,-,w. PC,w. UR or LaJ,-,-,w. CC,-,-,-,-,-,-,-,10.6
"IBRiS / ""Rz""",8-9 Oct 2019,41.7,22.0,13.4,6.0,4.3,-,w. PC,w. UR or LaJ,-,-,w. CC,-,-,-,-,-,-,-,12.6
IBRiS / Onet,8 Oct 2019,44.3,22.7,13.8,6.2,3.5,-,w. PC,w. UR or LaJ,-,-,w. CC,-,-,-,-,-,-,-,9.5
IBRiS / RMF,4-5 Oct 2019,45.1,24.6,12.6,5.6,3.8,-,w. PC,w. UR or LaJ,-,-,w. CC,-,-,-,-,-,-,-,8.3
"Kantar Public / ""GW""",1-5 Oct 2019,42,29,13,4,5,-,w. PC,w. UR or LaJ,-,-,w. CC,-,-,-,-,-,-,-,7
"Estymator / ""Do Rzeczy""",3-4 Oct 2019,49.5,26.4,13.1,6.4,3.7,-,w. PC,w. UR or LaJ,-,-,w. CC,-,-,-,-,-,-,-,0.9
Dobra Opinia / PPG,30 Sep-4 Oct 2019,48.3,27.7,12.4,6.5,4.2,-,w. PC,w. UR or LaJ,-,-,w. CC,-,-,-,-,-,-,-,0.9
IBRiS / Onet,2-3 Oct 2019,44.3,24.3,12.0,5.9,3.6,-,w. PC,w. UR or LaJ,-,-,w. CC,-,-,-,-,-,-,-,9.9
IBRiS / ZET,2 Oct 2019,42.4,25.0,13.1,5.8,4.4,-,w. PC,w. UR or LaJ,-,-,w. CC,-,-,-,-,-,-,-,9.3
Pollster / SE.pl,1-2 Oct 2019,43.4,28.5,13.9,7.6,4.8,-,w. PC,w. UR or LaJ,-,-,w. CC,-,-,-,-,-,-,-,1.8
Social Changes / wpolityce.pl,27 Sep-2 Oct 2019,47.2,26.1,13.8,7.4,5.5,-,w. PC,w. UR or LaJ,-,-,w. CC,-,-,-,-,-,-,-,0.0
ewybory.eu,4-27 Sep 2019,46.12,27.97,13.46,5.75,5.54,-,w. PC,w. UR or LaJ,-,-,w. CC,-,-,-,-,-,-,-,1.16
Kantar Public / TVN,25-26 Sep 2019,40,28,10,5,7,-,w. PC,w. UR or LaJ,-,-,w. CC,-,-,-,-,-,-,-,10
Pollster / SE.pl,24-25 Sep 2019,45,26,14,7,5,-,w. PC,w. UR or LaJ,-,-,w. CC,-,-,-,-,-,-,-,3
Indicator / TVP,23-25 Sep 2019,44.3,26.1,11.9,6.1,4.1,-,w. PC,w. UR or LaJ,-,-,w. CC,-,-,-,-,-,-,-,7.5
Social Changes / wpolityce.pl,20-25 Sep 2019,46.9,27.8,12.6,6.8,5.9,-,w. PC,w. UR or LaJ,-,-,w. CC,-,-,-,-,-,-,-,0.0
IBRiS / RMF,20-21 Sep 2019,44.5,23.9,14.1,6.0,4.4,-,w. PC,w. UR or LaJ,-,-,w. CC,-,-,-,-,-,-,-,7.1
"Estymator / ""Do Rzeczy""",17-19 Sep 2019,48.1,27.9,13.2,6.1,3.6,-,w. PC,w. UR or LaJ,-,-,w. CC,-,-,-,-,-,-,-,1.1
CBOS,12-19 Sep 2019,46,23,5,8,3,-,w. PC,w. UR or LaJ,-,-,w. CC,-,-,-,-,-,-,-,15
Social Changes / wpolityce.pl,13-18 Sep 2019,47.2,26.1,12.4,6.8,7.5,-,w. PC,w. UR or LaJ,-,-,w. CC,-,-,-,-,-,-,-,0.0
"Kantar Public / ""GW""",13-17 Sep 2019,43,30,11,4,5,-,w. PC,w. UR or LaJ,-,-,w. CC,-,-,-,-,-,-,-,7
IBSP,12-14 Sep 2019,45.6,30.9,12.3,4.2,6.3,-,w. PC,w. UR or LaJ,-,-,w. CC,-,-,-,-,-,-,-,0.7
Pollster / SE.pl,12-13 Sep 2019,45,26,14,8,5,-,w. PC,w. UR or LaJ,-,-,w. CC,-,-,-,-,-,-,-,2
Kantar Public,6-11 Sep 2019,40,24,11,6,2,-,w. PC,w. UR or LaJ,-,-,w. CC,-,-,-,-,-,-,-,17
Social Changes / wpolityce.pl,6-11 Sep 2019,45.6,26.5,13.9,9.8,4.2,-,w. PC,w. UR or LaJ,-,-,w. CC,-,-,-,-,-,-,-,0.0
"IBRiS / ""Rz""",6-7 Sep 2019,42.4,22.7,13.1,5.6,3.4,-,w. PC,w. UR or LaJ,-,-,w. CC,-,-,-,-,-,-,-,12.8
Pollster / SE.pl,4-6 Sep 2019,45,28,14,7,4,-,w. PC,w. UR or LaJ,-,-,w. CC,-,-,-,-,-,-,-,2
"Estymator / ""Do Rzeczy""",4-5 Sep 2019,47.2,27.4,12.9,6.0,3.9,-,w. PC,w. UR or LaJ,-,-,w. CC,-,-,-,-,-,-,-,2.6
Social Changes / wpolityce.pl,30 Aug-4 Sep 2019,43.5,29.1,13.9,8.5,5.0,-,w. PC,w. UR or LaJ,-,-,w. CC,-,-,-,-,-,-,-,0.0
Social Changes,30 Aug-4 Sep 2019,-,-,-,-,-,-,3.0,w. UR or LaJ,45.4,25.2,1.1,6.5,7.0,2.8,1.2,6.1,-,-,1.7
IBRiS,24 Aug-4 Sep 2019,43.4,21.2,14.1,5.7,4.8,-,w. PC,w. UR or LaJ,-,-,w. CC,-,-,-,-,-,-,-,10.8
Dobra Opinia / PPG,23-29 Aug 2019,45,30,11,6,4,-,w. PC,w. UR or LaJ,-,-,w. CC,-,-,-,-,-,-,-,4
IPSOS / OKO,26-29 Aug 2019,41,28,13,5,5,-,w. PC,w. UR or LaJ,-,-,w. CC,-,-,-,-,-,-,-,8
CBOS,22-29 Aug 2019,47,19,9,6,2,-,w. PC,w. UR or LaJ,-,-,w. CC,-,-,-,-,-,-,-,17
Social Changes / wpolityce.pl,23-28 Aug 2019,44.6,30.6,10.4,9.1,5.3,-,w. PC,w. UR or LaJ,-,-,w. CC,-,-,-,-,-,-,-,0.0
Social Changes,23-28 Aug 2019,-,-,-,-,-,-,2.8,w. UR or LaJ,46.3,25.0,2.1,3.8,8.9,2.6,1.2,5.8,-,-,1.5
IBRiS / Onet,26 Aug 2019,41.5,26.6,12.2,7.2,4.7,-,w. PC,w. UR or LaJ,-,-,w. CC,-,-,-,-,-,-,-,7.8
Indicator / TVP,24-26 Aug 2019,41.3,28.5,11.3,5.7,3.1,-,w. PC,w. UR or LaJ,-,-,w. CC,-,-,-,-,-,-,-,10.1
IBRiS / RMF,23-24 Aug 2019,41.3,25.0,13.3,5.8,5.3,-,w. PC,w. UR or LaJ,-,-,w. CC,-,-,-,-,-,-,-,9.3
Kantar Public / TVN,22 Aug 2019,39,30,11,6,6,-,w. PC,w. UR or LaJ,-,-,w. CC,-,-,-,-,-,-,-,8
"Estymator / ""Do Rzeczy""",21-22 Aug 2019,44.9,30.4,9.8,6.8,3.8,-,w. PC,w. UR or LaJ,-,-,w. CC,-,-,-,-,-,-,-,4.3
Social Changes / wpolityce.pl,16-21 Aug 2019,42.9,30.8,13.4,8.4,4.5,-,w. PC,w. UR or LaJ,-,-,w. CC,-,-,-,-,-,-,-,0.0
Social Changes,16-21 Aug 2019,-,-,-,-,-,-,3.2,w. UR or LaJ,44.8,25.4,1.3,6.1,7.9,2.4,1.3,6.2,-,-,1.4
Ariadna / WP,16-20 Aug 2019,45,27,10,6,4,-,w. PC,w. UR or LaJ,-,-,w. CC,-,-,-,-,-,-,-,8
Kantar Public / TVN,13 Aug 2019,44,27,11,4,5,-,w. PC,w. UR or LaJ,-,-,w. CC,-,-,-,-,-,-,-,10
"IBRiS / ""Rz""",9-10 Aug 2019,41.2,27.0,11.6,6.5,2.8,-,w. PC,w. UR or LaJ,-,-,w. CC,-,-,-,-,-,-,-,10.8
"Estymator / ""Do Rzeczy""",6-8 Aug 2019,45.9,30.2,10.1,5.3,4.1,-,w. PC,w. UR or LaJ,-,-,w. CC,-,-,-,-,-,-,-,4.4
Estymator,6-8 Aug 2019,-,-,-,-,-,-,2.8,w. UR or LaJ,45.4,28.9,1.4,5.1,5.4,2.6,2.2,3.7,-,-,2.5
Pollster,6-7 Aug 2019,-,-,-,-,-,-,5,w. UR or LaJ,43,25,2,5,5,4,3,6,-,-,2
Social Changes / wpolityce.pl,2-7 Aug 2019,44.9,26.9,14.9,9.3,4.0,-,w. PC,w. UR or LaJ,-,-,w. CC,-,-,-,-,-,-,-,0.0
Social Changes,2-7 Aug 2019,-,-,-,-,-,-,3.0,w. UR or LaJ,45.8,24.8,1.7,6.5,6.9,2.3,1.3,6.4,-,-,1.3
Social Changes / wpolityce.pl,26-31 Jul 2019,45.9,29.9,11.0,9.2,4.0,-,w. PC,w. UR or LaJ,-,-,w. CC,-,-,-,-,-,-,-,0.0
Social Changes,26-31 Jul 2019,-,-,-,-,-,-,3.2,w. UR or LaJ,46.7,25.7,1.2,5.9,6.2,2.2,1.3,5.7,-,-,1.9
IBRiS / RMF,26-27 Jul 2019,-,-,-,-,-,-,4.1,w. UR or LaJ,44.5,20.2,1.5,2.0,5.3,2.3,0.1,5.8,-,-,14.2
Social Changes / wpolityce.pl,19-24 Jul 2019,44.8,29.4,10.6,11.4,3.7,-,w. PC,w. UR or LaJ,-,-,w. CC,-,-,-,-,-,-,-,0.1
Social Changes,19-24 Jul 2019,-,-,-,-,-,-,3.0,w. UR or LaJ,46.4,26.3,1.2,4.3,6.7,3.4,1.4,6.2,-,-,1.2
Estymator,18-19 Jul 2019,-,-,-,-,-,-,4.8,w. UR or LaJ,45.3,28.9,1.2,5.2,4.5,2.9,1.5,3.8,-,-,1.9
Social Changes,12-17 Jul 2019,-,-,-,-,-,-,3.1,w. UR or LaJ,45.4,27.3,1.0,5.8,5.3,3.8,1.2,5.8,-,-,1.3
Kantar Public,12-17 Jul 2019,-,-,-,-,-,-,4,w. UR or LaJ,39,26,3,2,3,2,1,5,-,-,15
Kantar Public / TVN,12-15 Jul 2019,-,-,-,-,-,-,6,w. UR or LaJ,42,27,w. CC,3,2,3,2,5,-,-,10
"IBRiS / ""Rz""",12-13 Jul 2019,-,-,-,-,-,-,3.1,w. UR or LaJ,43.0,26.1,0.5,4.4,5.9,3.7,1.4,4.2,-,-,7.7
CBOS,4-11 Jul 2019,-,-,-,-,-,-,4,w. UR or LaJ,44,21,1,6,3,3,1,4,-,-,13
Social Changes,5-10 Jul 2019,-,-,-,-,-,-,3.1,w. UR or LaJ,45.3,27.8,-,5.0,6.0,-,-,6.3,-,-,6.5
Kantar Public / PO,3-4 Jul 2019,-,-,-,-,-,-,5,w. UR or LaJ,45,26,1,4,3,4,2,6,-,-,4
IBRiS / RMF,28-29 Jun 2019,-,-,-,-,-,-,5.4,w. UR or LaJ,40.3,19.9,1.3,3.0,5.4,3.4,0.9,6.3,-,-,14.1
Pollster,26-27 Jun 2019,-,-,-,-,-,-,5,w. UR or LaJ,45,24,2,4,5,3,2,8,-,-,2
Social Changes,21-26 Jun 2019,-,-,-,-,-,-,4.5,w. UR or LaJ,44.0,23.9,1.2,4.2,4.3,3.1,1.2,7.7,-,-,5.9
Estymator,19-20 Jun 2019,-,-,-,-,-,-,3.5,w. UR or LaJ,47.9,22.7,1.6,4.3,4.5,1.6,1.8,7.3,-,-,4.8
Kantar Public,14-19 Jun 2019,-,-,-,-,-,-,7,w. UR or LaJ,34,24,3,4,4,3,1,8,-,-,12
Social Changes,14-19 Jun 2019,-,-,-,-,-,-,4.9,w. UR or LaJ,43.2,24.1,2.8,7.3,3.7,1.5,1.2,8.9,-,-,2.4
CBOS,6-13 Jun 2019,-,-,-,-,-,-,4,w. UR or LaJ,44,22,1,3,2,3,0,7,-,-,14
"IBRiS / ""Rz""",7-8 Jun 2019,-,-,-,-,-,-,3.4,w. UR or LaJ,40.8,19.1,1.6,5.1,6.0,2.1,1.7,8.8,-,-,11.4
Social Changes,31 May-5 Jun 2019,-,-,-,-,-,-,9.3,w. UR or LaJ,41.5,22.4,4.1,5.0,3.0,1.9,2.2,8.9,-,-,1.7
Social Changes,24–29 May 2019,-,-,-,-,-,-,8.9,w. UR or LaJ,40.6,22.9,3.5,5.5,4.0,2.8,1.8,9.0,-,-,1.0
CBOS,16–23 May 2019,-,-,-,-,-,-,6,w. UR or LaJ,46,20,1,4,2,1,1,6,-,-,13
Social Changes,10–15 May 2019,-,-,-,-,-,-,8.1,w. UR or LaJ,35.9,21.6,-,4.5,5.7,2.8,2.8,14.2,-,-,4.4
Kantar Public,10–15 May 2019,-,-,-,-,-,-,4,w. UR or LaJ,40,21,2,5,5,2,1,6,-,-,14
PAS-P,1–4 May 2019,-,-,-,-,-,-,9.0,w. UR or LaJ,36.0,28.0,2.5,5.5,7.0,4.0,2.0,4.5,-,-,1.5
Social Changes,26-30 Apr 2019,-,-,-,-,-,-,8.1,w. UR or LaJ,35.1,22.2,-,5.5,5.1,3.2,3.0,12.7,-,-,5.1
Pollster,26-29 Apr 2019,-,-,-,-,-,-,7,w. UR or LaJ,39,26,2,4,4,4,1,11,-,-,2
Social Changes,19-24 Apr 2019,-,-,-,-,-,-,8.0,w. UR or LaJ,39.1,23.0,-,5.5,5.1,2.6,1.5,10.8,-,-,4.4
Social Changes,12-17 Apr 2019,-,-,-,-,-,-,9,w. UR or LaJ,37,22,-,5,5,3,3,10,-,-,6
IBRiS / Onet,12 Apr 2019,-,-,-,-,-,-,6.1,w. UR or LaJ,39.7,17.3,1.2,4.7,5.2,3.4,1.9,7.9,-,-,12.6
Estymator,10-11 Apr 2019,-,-,-,-,-,-,6.4,w. UR or LaJ,43.8,25.7,1.4,5.0,4.2,2.9,1.1,8.2,-,-,1.3
CBOS,4-11 Apr 2019,-,-,-,-,-,-,4,w. UR or LaJ,43,18,2,4,3,2,1,5,-,-,18
Kantar Public,5-10 Apr 2019,-,-,-,-,-,-,4,w. UR or LaJ,35,20,4,4,5,2,1,6,-,-,19
"IBRiS / ""Rz""",5-6 Apr 2019,-,-,-,-,-,-,3.5,w. UR or LaJ,39.0,21.1,1.1,5.8,5.0,3.5,0.4,7.5,-,-,13.1
Pollster,4-6 Apr 2019,-,-,-,-,-,-,6,w. UR or LaJ,39,24,3,5,4,4,1,12,-,-,2
IBSP / ZET,25-27 Mar 2019,-,-,-,-,-,-,4.82,w. UR or LaJ,37.64,32.61,1.71,3.51,4.19,3.66,0.42,10.98,-,-,0.46
Indicator / TVP,20-22 Mar 2019,-,-,-,-,-,-,6.0,w. UR or LaJ,40.9,25.7,2.3,5.2,5.1,0.7,1.6,8.6,-,-,3.9
Estymator,20-21 Mar 2019,-,-,-,-,-,-,6.3,w. UR or LaJ,42.6,26.7,2.1,5.3,4.8,1.7,1.3,6.4,-,-,2.8
CBOS,7-14 Mar 2019,-,-,-,-,-,-,5,w. UR or LaJ,44,20,2,4,3,1,1,4,-,-,16
Kantar Public,8-13 Mar 2019,-,-,-,-,-,-,4,w. UR or LaJ,38,21,2,5,4,2,1,5,-,-,18
"IBRiS / ""Rz""",9-10 Mar 2019,-,-,-,-,-,-,7,w. UR or LaJ,40,21,1,6,7,4,-,7,-,-,7
Estymator,20-21 Feb 2019,-,-,-,-,-,-,7.6,w. UR or LaJ,41.1,26.2,0.7,5.6,3.9,1.4,1.4,9.2,-,-,2.9
IPSOS,14-16 Feb 2019,-,-,-,-,-,-,7.40,w. UR or LaJ,35.02,23.99,1.33,3.59,3.19,5.94,0.64,11.88,-,-,7.02
CBOS,7-14 Feb 2019,-,-,-,-,-,-,5,w. UR or LaJ,40,15,2,5,2,2,1,10,-,-,18
Kantar Public,8-13 Feb 2019,-,-,-,-,-,-,6,w. UR or LaJ,34,20,2,4,5,1,1,11,-,-,16
Ariadna,8-11 Feb 2019,-,-,-,-,-,-,6,w. UR or LaJ,35,20,1,7,4,2,0,15,-,-,10
"IBRiS / ""Rz""",7-8 Feb 2019,-,-,-,-,-,-,4.7,w. UR or LaJ,37.1,21.8,0.6,4.8,5.2,-,0.7,16.2,-,-,8.9
"Estymator / ""DoRzeczy""",5-7 Feb 2019,-,-,-,-,-,-,7.4,w. UR or LaJ,39.7,28.2,0.9,5.9,4.6,1.2,1.0,8.6,-,-,2.5
IBSP / ZET,31 Jan-6 Feb 2019,-,-,-,-,-,-,5.76,w. UR or LaJ,35.05,32.2,1.14,3.27,3.99,1.55,0.15,11.98,-,-,4.91
Millward Brown,4-5 Feb 2019,-,-,-,-,-,-,7,w. UR or LaJ,29,20,w. CC,5,6,5,1,14,-,-,13
Pollster,30 Jan 2019,-,-,-,-,-,-,6,w. UR or LaJ,37,24,4,7,4,3,2,10,-,-,3
"IBRiS / ""Rz""",26-27 Jan 2019,-,-,-,-,-,-,5.1,w. UR or LaJ,35.0,29.2,1.4,6.5,5.7,0.5,1.1,-,-,-,15.5
IBRiS / Onet,25-26 Jan 2019,-,-,-,-,-,-,3.8,w. UR or LaJ,36.2,29.6,0.3,4.1,6.1,2.0,0.9,6.4,-,-,10.6
"Estymator / ""DoRzeczy""",23-24 Jan 2019,-,-,-,-,-,-,8.6,w. UR or LaJ,42.4,31.1,1.4,6.8,4.8,1.4,1.6,-,-,-,1.9
CBOS,10-17 Jan 2019,-,-,-,-,-,-,7,w. UR or LaJ,39,22,2,6,4,2,2,-,-,-,16
Kantar Public,11-16 Jan 2019,-,-,-,-,-,-,7,w. UR or LaJ,34,26,3,5,5,1,2,-,-,-,17
"Millward Brown / ""GW""",15-16 Jan 2019,-,-,-,-,-,-,5,w. UR or LaJ,30,25,w. CC,5,3,-,2,8,-,-,22
Pollster,10-11 Jan 2019,-,-,-,-,-,-,7,w. UR or LaJ,40,29,3,7,6,3,3,-,-,-,2
"IBRiS / ""Rz""",4 Jan 2019,-,-,-,-,-,-,5.5,w. UR or LaJ,39.1,26.3,0.9,6.7,5.0,2.8,1.4,-,-,-,12.3
Pollster,"December 14, 2018",-,-,-,-,-,-,7,w. UR or LaJ,42,29,5,5,6,3,2,-,-,-,1
Estymator,"December 13, 2018",-,-,-,-,-,-,9.0,w. UR or LaJ,41.9,32.1,w. CC,6.4,6.3,1.1,1.8,-,-,-,1.4
Kantar Public,"December 11, 2018",-,-,-,-,-,-,6,w. UR or LaJ,34,27,w. CC,4,6,2,2,-,-,-,19
CBOS,"December 9, 2018",-,-,-,-,-,-,5,w. UR or LaJ,41,24,2,7,4,3,1,-,-,-,13
"IBRiS / ""Rz""","December 8, 2018",-,-,-,-,-,-,5.7,w. UR or LaJ,37.2,31.3,4.0,5.1,6.7,0.9,2.4,-,-,-,6.7
IBRiS / Onet,"November 24, 2018",-,-,-,-,-,-,5.2,w. UR or LaJ,38.2,30.2,3.8,4.5,8.2,0.3,2.1,-,-,-,7.5
Estymator,"November 21, 2018",-,-,-,-,-,-,11.6,w. UR or LaJ,40.7,30.4,w. CC,4.7,7.3,1.3,1.9,-,-,-,2.1
Millward Brown,"November 20, 2018",-,-,-,-,-,-,7,w. UR or LaJ,33,26,3,4,7,2,3,-,-,-,15
Kantar Public,"November 15, 2018",-,-,-,-,-,-,9,w. UR or LaJ,34,24,w. CC,5,7,2,2,-,-,-,17
CBOS,"November 15, 2018",-,-,-,-,-,-,6,w. UR or LaJ,42,21,2,7,5,3,2,-,-,-,12
"IBRiS / ""Rz""","November 13, 2018",-,-,-,-,-,-,5.6,w. UR or LaJ,40.1,29.6,4.7,4.0,6.2,1.0,1.7,-,-,-,7.1
"IBRiS / ""Rz""","November 9, 2018",-,-,-,-,-,-,4.8,w. UR or LaJ,37.3,28.3,4.8,4.2,7.9,1.3,2.0,-,-,-,9.4
Estymator,"October 30, 2018",-,-,-,-,-,-,7.3,w. UR or LaJ,42.4,30.0,w. CC,6.0,7.4,1.9,2.4,-,-,-,2.6
IBRiS,"October 27, 2018",-,-,-,-,-,-,4.7,w. UR or LaJ,40.9,27.2,4.0,5.7,7.0,1.3,2.0,-,-,-,7.2
Kantar Public,"October 17, 2018",-,-,-,-,-,-,8,w. UR or LaJ,31,24,w. CC,8,7,2,2,-,-,-,18
CBOS,"October 11, 2018",-,-,-,-,-,-,8,w. UR or LaJ,40,19,3,5,4,2,2,-,-,-,17
"IBRiS / ""Rz""","October 6, 2018",-,-,-,-,-,-,10.1,w. UR or LaJ,37.2,30.0,w. CC,5.2,7.0,1.1,2.6,-,-,-,6.8
Pollster,"October 1, 2018",-,-,-,-,-,-,9,w. UR or LaJ,41,31,w. CC,6,7,-,-,-,-,-,6
IBRiS / Onet,"September 23, 2018",-,-,-,-,-,-,10.0,w. UR or LaJ,33.2,23.1,2.2,6.3,8.7,3.3,2.4,-,-,-,10.9
Estymator,"September 21, 2018",-,-,-,-,-,-,6.9,w. UR or LaJ,45.0,23.9,4.1,7.4,8.1,1.5,1.9,-,-,-,1.2
Millward Brown,"September 17, 2018",-,-,-,-,-,-,4,w. UR or LaJ,38,21,7,4,5,5,4,-,-,-,12
CBOS,"September 13, 2018",-,-,-,-,-,-,7,w. UR or LaJ,43,18,3,4,4,2,2,-,-,-,17
Kantar Public,"September 12, 2018",-,-,-,-,-,-,6,w. UR or LaJ,42,20,4,4,6,2,1,-,-,-,15
"IBRiS / ""Rz""","September 8, 2018",-,-,-,-,-,-,7.0,w. UR or LaJ,36.6,27.1,3.8,5.0,8.6,0.4,0.7,-,-,-,10.8
Estymator,"August 23, 2018",-,-,-,-,-,-,7.1,w. UR or LaJ,44.2,24.8,3.4,6.6,8.9,1.5,2.8,-,-,-,0.7
CBOS,"August 23, 2018",-,-,-,-,-,-,7,w. UR or LaJ,44,19,3,5,4,2,2,-,-,-,14
IPSOS / OKO,"August 19, 2018",-,-,-,-,-,-,8,w. UR or LaJ,41,20,4,6,6,4,2,-,-,-,9
Kantar Public,"August 16, 2018",-,-,-,-,-,-,7,w. UR or LaJ,36,26,5,4,6,2,3,-,-,-,11
"IBRiS / ""Rz""","August 11, 2018",-,-,-,-,-,-,6.4,w. UR or LaJ,38.3,24.8,4.1,5.4,8.5,1.4,1.7,-,-,-,9.4
Pollster,"August 10, 2018",-,-,-,-,-,-,11,w. UR or LaJ,38,28,6,4,8,2,3,-,-,-,0
CBM Indicator,"August 10, 2018",-,-,-,-,-,-,6.3,w. UR or LaJ,42.0,24.6,5.2,4.6,10.6,3.1,3.5,-,-,-,0.1
Estymator,"August 9, 2018",-,-,-,-,-,-,8.2,w. UR or LaJ,41.8,25.9,4.2,6.3,9.3,1.1,2.2,-,-,-,1.0
IBRiS,"July 27, 2018",-,-,-,-,-,-,6.6,w. UR or LaJ,33.9,25.2,3.3,5.7,10.6,1.5,3.3,-,-,-,9.9
Pollster,"July 12, 2018",-,-,-,-,-,-,9,w. UR or LaJ,40,27,5,6,8,2,3,-,-,-,0
Kantar Public,"July 11, 2018",-,-,-,-,-,-,9,w. UR or LaJ,34,23,3,4,6,1,2,-,-,-,18
"IBRiS / ""Rz""","July 6, 2018",-,-,-,-,-,-,5.7,w. UR or LaJ,37.4,26.3,3.2,5.3,9.7,0.0,2.3,-,-,-,10.1
Pollster / TVP,"July 5, 2018",-,-,-,-,-,-,8,w. UR or LaJ,42,26,5,5,8,-,-,-,-,-,6
CBOS,"July 5, 2018",-,-,-,-,-,-,8,w. UR or LaJ,40,16,5,3,7,2,0,-,-,-,19
Estymator,"June 28, 2018",-,-,-,-,-,-,8.9,w. UR or LaJ,42.3,25.2,5.2,5.5,7.5,1.4,2.6,-,-,-,1.4
IBRiS / Onet,"June 22, 2018",-,-,-,-,-,-,7.5,w. UR or LaJ,37.8,24.6,3.3,5.7,9.6,0.9,1.3,-,-,-,9.3
Pollster,"June 18, 2018",-,-,-,-,-,-,7,w. UR or LaJ,41,27,4,5,7,4,5,-,-,-,0
Kantar Public,"June 17, 2018",-,-,-,-,-,-,6,w. UR or LaJ,41,20,4,3,6,1,1,-,-,-,18
Estymator,"June 14, 2018",-,-,-,-,-,-,8.3,w. UR or LaJ,40.7,27.9,4.2,5.4,8.6,1.9,2.9,-,-,-,0.1
CBOS,"June 14, 2018",-,-,-,-,-,-,8,w. UR or LaJ,43,17,5,4,4,2,1,-,-,-,16
"IBRiS / ""Rz""","June 8, 2018",-,-,-,-,-,-,6.2,w. UR or LaJ,32.7,26.4,4.3,6.3,9.6,1.3,3.3,-,-,-,9.9
Pollster / TVP,"June 7, 2018",-,-,-,-,-,-,8,w. UR or LaJ,40,28,4,5,7,4,4,-,-,-,0
Millward Brown,"May 29, 2018",-,-,-,-,-,-,6,w. UR or LaJ,36,28,5,4,5,4,2,-,-,-,10
IBRiS / Onet,"May 25, 2018",-,-,-,-,-,-,5.2,w. UR or LaJ,33.3,27.6,4.1,5.3,9.9,2.0,3.2,-,-,-,9.4
Estymator,"May 24, 2018",-,-,-,-,-,-,10.4,w. UR or LaJ,38.9,27.1,2.9,6.2,9.0,2.3,2.1,-,-,-,1.1
CBOS,"May 17, 2018",-,-,-,-,-,-,10,w. UR or LaJ,40,19,4,5,6,2,1,-,-,-,13
Kantar Public,"May 16, 2018",-,-,-,-,-,-,5,w. UR or LaJ,36,22,4,4,6,2,2,-,-,-,19
Estymator,"May 14, 2018",-,-,-,-,-,-,9.8,w. UR or LaJ,40.8,28.3,2.3,5.7,9.7,1.8,1.3,-,-,-,0.3
"IBRiS / ""Rz""","May 11, 2018",-,-,-,-,-,-,6.3,w. UR or LaJ,37.6,27.3,2.9,5.3,10.4,1.5,1.0,-,-,-,7.7
Pollster / TVP,"May 11, 2018",-,-,-,-,-,-,8,w. UR or LaJ,43,20,6,5,9,4,5,-,-,-,0
Pollster,"April 29, 2018",-,-,-,-,-,-,9,w. UR or LaJ,42,24,5,5,7,4,4,-,-,-,0
Pollster,"April 27, 2018",-,-,-,-,-,-,11,w. UR or LaJ,42,23,6,4,7,3,4,-,-,-,0
Estymator,"April 26, 2018",-,-,-,-,-,-,13.1,w. UR or LaJ,38.2,27.3,3.9,6.2,8.6,1.1,1.3,-,-,-,0.3
Millward Brown,"April 26, 2018",-,-,-,-,-,-,5,w. UR or LaJ,33,25,6,5,8,4,3,-,-,-,11
IBRiS / Onet,"April 19, 2018",-,-,-,-,-,-,9.8,w. UR or LaJ,34.5,24.3,4.5,6.6,9.2,1.5,1.1,-,-,-,8.5
IPSOS / OKO,"April 13, 2018",-,-,-,-,-,-,11,w. UR or LaJ,39,21,7,4,6,4,2,-,-,-,6
CBOS,"April 12, 2018",-,-,-,-,-,-,5,w. UR or LaJ,46,16,4,3,6,2,1,-,-,-,17
Kantar Public,"April 11, 2018",-,-,-,-,-,-,6,w. UR or LaJ,36,23,5,3,7,3,1,-,-,-,16
Pollster / TVP,"April 7, 2018",-,-,-,-,-,-,8,w. UR or LaJ,41,23,7,5,9,4,3,-,-,-,0
Estymator,"April 5, 2018",-,-,-,-,-,-,8.9,w. UR or LaJ,39.4,28.3,4.3,6.0,9.3,1.4,2.1,-,-,-,0.3
Pollster,"April 5, 2018",-,-,-,-,-,-,10,w. UR or LaJ,40,21,8,5,9,3,4,-,-,-,0
"IBRiS / ""Rz""","April 4, 2018",-,-,-,-,-,-,8.5,w. UR or LaJ,31.8,23.5,5.1,5.9,12.1,0.9,2.1,-,-,-,10.1
Pollster / TVP,"March 30, 2018",-,-,-,-,-,-,11,w. UR or LaJ,39,22,7,6,8,3,4,-,-,-,0
Millward Brown,"March 27, 2018",-,-,-,-,-,-,10,w. UR or LaJ,28,22,6,5,9,5,2,-,-,-,13
Estymator,"March 22, 2018",-,-,-,-,-,-,7.9,w. UR or LaJ,46.8,25.7,4.7,5.1,6.8,0.8,1.7,-,-,-,0.7
IBRiS / Onet,"March 17, 2018",-,-,-,-,-,-,8.3,w. UR or LaJ,37.1,24.0,6.3,4.4,7.6,0.4,2.0,-,-,-,9.9
Kantar Public,"March 14, 2018",-,-,-,-,-,-,6,w. UR or LaJ,37,22,5,2,4,1,1,-,-,-,20
CBOS,"March 8, 2018",-,-,-,-,-,-,6,w. UR or LaJ,44,14,6,5,5,2,2,-,-,-,16
"IBRiS / ""Rz""","March 2, 2018",-,-,-,-,-,-,6.8,w. UR or LaJ,39.4,22.5,5.0,5.2,9.7,0.5,1.4,-,-,-,9.5
IBRiS,"February 26, 2018",-,-,-,-,-,-,6.7,w. UR or LaJ,40.6,22.4,3.6,6.1,7.0,1.2,3.6,-,-,-,9.1
Estymator,"February 22, 2018",-,-,-,-,-,-,7.3,w. UR or LaJ,50.2,22.9,4.1,5.2,5.9,0.8,3.0,-,-,-,0.6
Pollster,"February 22, 2018",-,-,-,-,-,-,7,w. UR or LaJ,47,19,6,5,8,3,5,-,-,-,0
Kantar Public,"February 21, 2018",-,-,-,-,-,-,7,w. UR or LaJ,37,20,6,5,5,1,2,-,-,-,17
IBRiS / Onet,"February 20, 2018",-,-,-,-,-,-,5.5,w. UR or LaJ,39.7,19.6,4.5,6.6,9.4,1.4,3.9,-,-,-,9.3
Millward Brown,"February 20, 2018",-,-,-,-,-,-,6,w. UR or LaJ,40,16,8,5,3,3,3,-,-,-,16
CBOS,"February 8, 2018",-,-,-,-,-,-,7,w. UR or LaJ,43,17,5,4,4,2,1,-,-,-,15
"IBRiS / ""Rz""","February 5, 2018",-,-,-,-,-,-,5.7,w. UR or LaJ,42.7,20.0,5.3,6.0,7.2,0.4,2.9,-,-,-,9.4
Pollster,"January 30, 2018",-,-,-,-,-,-,8,w. UR or LaJ,49,15,8,6,6,3,5,-,-,-,0
Estymator,"January 26, 2018",-,-,-,-,-,-,9.4,w. UR or LaJ,48.7,20.6,4.4,5.2,6.8,0.8,3.1,-,-,-,1.0
IBRiS / Onet,"January 19, 2018",-,-,-,-,-,-,7.2,w. UR or LaJ,41.5,20.0,6.1,4.5,6.6,0.8,2.3,-,-,-,10.8
Kantar Public,"January 17, 2018",-,-,-,-,-,-,7,w. UR or LaJ,42,14,7,4,5,2,2,-,-,-,16
CBOS,"January 17, 2018",-,-,-,-,-,-,5,w. UR or LaJ,44,15,6,4,4,2,3,-,-,-,15
IPSOS / OKO,"January 13, 2018",-,-,-,-,-,-,10,w. UR or LaJ,43,19,6,3,5,3,2,-,-,-,9
"IBRiS / ""Rz""","January 7, 2018",-,-,-,-,-,-,6.1,w. UR or LaJ,43.4,19.0,8.4,5.4,6.7,1.1,3.0,-,-,-,6.9
IBRiS / PS,"January 5, 2018",-,-,-,-,-,-,6,w. UR or LaJ,41,20,7,5,7,1,2,-,-,-,11
Pollster,"January 5, 2018",-,-,-,-,-,-,9,w. UR or LaJ,43,18,11,5,6,3,5,-,-,-,0
Estymator,"December 28, 2017",-,-,-,-,-,-,8.3,w. UR or LaJ,45.7,23.4,6.9,5.5,5.4,1.0,2.9,-,-,-,0.9
Millward Brown,"December 22, 2017",-,-,-,-,-,-,6,w. UR or LaJ,38,20,8,4,8,3,4,-,-,-,9
Pollster,"December 15, 2017",-,-,-,-,-,-,8,w. UR or LaJ,45,18,10,5,6,3,5,-,-,-,0
IBRiS / Onet,"December 14, 2017",-,-,-,-,-,-,6.7,w. UR or LaJ,40.9,23.8,8.3,4.1,5.6,1.0,2.3,-,-,-,7.3
"Kantar Public / ""Fakt""","December 11, 2017",-,-,-,-,-,-,11,w. UR or LaJ,50,17,9,3,5,1,2,-,-,-,2
CBOS,"December 7, 2017",-,-,-,-,-,-,7,w. UR or LaJ,41,18,11,3,3,2,2,-,-,-,13
Kantar Public,"December 6, 2017",-,-,-,-,-,-,7,w. UR or LaJ,40,17,7,5,4,2,1,-,-,-,17
"IBRiS / ""Rz""","December 2, 2017",-,-,-,-,-,-,6.8,w. UR or LaJ,36.4,20.3,10.5,6.4,6.6,0.4,2.6,-,-,-,10.0
Pollster,"November 29, 2017",-,-,-,-,-,-,10,w. UR or LaJ,47,17,9,5,5,3,4,-,-,-,0
Estymator,"November 24, 2017",-,-,-,-,-,-,9.8,w. UR or LaJ,42.8,23.6,6.0,6.4,5.3,1.3,3.4,-,-,-,1.4
Pollster,"November 22, 2017",-,-,-,-,-,-,11,w. UR or LaJ,43,19,9,5,6,3,4,-,-,-,0
IBRiS / Onet,"November 18, 2017",-,-,-,-,-,-,8.1,w. UR or LaJ,37.7,19.1,7.3,5.1,5.0,1.2,4.3,-,-,-,12.2
CBOS,"November 12, 2017",-,-,-,-,-,-,8,w. UR or LaJ,45,17,5,4,3,1,2,-,-,-,15
Kantar Public,"November 8, 2017",-,-,-,-,-,-,9,w. UR or LaJ,38,18,7,5,4,1,2,-,-,-,16
Kantar Public / TVP[bz],"November 5, 2017",-,-,-,-,-,-,7,w. UR or LaJ,40,20,8,4,5,2,2,-,-,-,12
"IBRiS / ""Rz""","November 4, 2017",-,-,-,-,-,-,8.7,w. UR or LaJ,37.0,20.1,6.9,5.9,6.2,0.3,4.3,-,-,-,10.6
Estymator,"October 27, 2017",-,-,-,-,-,-,9.1,w. UR or LaJ,42.8,22.2,8.4,5.8,5.4,1.2,3.2,-,-,-,1.9
IBRiS,"October 24, 2017",-,-,-,-,-,-,7.6,w. UR or LaJ,40.2,21.0,8.2,5.4,5.0,1.1,4.1,-,-,-,7.4
IBRiS / ZET[cb],"October 17, 2017",-,-,-,-,-,-,9.7,w. UR or LaJ,38.4,20.5,8.4,5.9,5.1,1.5,3.0,-,-,-,7.5
"IBRiS / ""SE""","October 15, 2017",-,-,-,-,-,-,8.2,w. UR or LaJ,38.1,19.8,8.7,3.6,5.0,0.7,5.2,-,-,-,10.7
CBOS,"October 12, 2017",-,-,-,-,-,-,8,w. UR or LaJ,47,16,6,3,2,2,2,-,-,-,14
Kantar Public,"October 11, 2017",-,-,-,-,-,-,8,w. UR or LaJ,41,18,5,5,7,2,2,-,-,-,12
"IBRiS / ""Rz""","October 7, 2017",-,-,-,-,-,-,6.7,w. UR or LaJ,39.8,21.2,8.9,4.2,5.3,1.6,3.6,-,-,-,8.7
"Kantar Public / ""Fakt""","September 28, 2017",-,-,-,-,-,-,13,w. UR or LaJ,43,21,7,6,4,3,3,-,-,-,0
IBRiS / Onet,"September 26, 2017",-,-,-,-,-,-,8.2,w. UR or LaJ,38.6,20.1,8.0,5.8,5.8,1.4,2.4,-,-,-,9.7
Estymator,"September 22, 2017",-,-,-,-,-,-,9.8,w. UR or LaJ,40.4,22.6,8.9,6.3,4.3,2.3,4.1,-,-,-,1.3
Pollster,"September 21, 2017",-,-,-,-,-,-,11,w. UR or LaJ,36,23,10,5,6,3,6,-,-,-,0
IPSOS / TVP,"September 14, 2017",-,-,-,-,-,-,9,w. UR or LaJ,39,20,11,4,3,3,2,-,-,-,9
CBOS,"September 14, 2017",-,-,-,-,-,-,8,w. UR or LaJ,44,19,6,5,3,1,2,-,-,-,12
"IBRiS / ""Rz""","September 8, 2017",-,-,-,-,-,-,8.0,w. UR or LaJ,37.7,19.9,8.7,5.2,6.0,1.6,5.0,-,-,-,7.9
Kantar Public,"September 6, 2017",-,-,-,-,-,-,9,w. UR or LaJ,38,16,8,4,4,2,3,-,-,-,16
IBRiS / Onet,"August 28, 2017",-,-,-,-,-,-,8.0,w. UR or LaJ,36.4,19.6,10.9,5.4,4.5,3.4,3.4,-,-,-,8.4
Estymator,"August 24, 2017",-,-,-,-,-,-,10.4,w. UR or LaJ,38.4,22.3,10.2,6.4,5.2,2.4,3.3,-,-,-,1.4
CBOS,"August 24, 2017",-,-,-,-,-,-,8,w. UR or LaJ,42,20,6,4,4,2,2,-,-,-,12
Pollster,"August 17, 2017",-,-,-,-,-,-,12,w. UR or LaJ,36,22,11,5,7,3,4,-,-,-,0
"IBRiS / ""Rz""","August 12, 2017",-,-,-,-,-,-,7.8,w. UR or LaJ,33.4,22.8,10.6,4.9,5.3,1.7,1.8,-,-,-,11.7
Kantar Public,"August 9, 2017",-,-,-,-,-,-,8,w. UR or LaJ,36,18,8,4,6,1,2,-,-,-,17
IPSOS / OKO,"August 4, 2017",-,-,-,-,-,-,11.0,w. UR or LaJ,40.0,21.0,6.0,4.7,4.2,2.6,2.4,-,-,-,8.1
Pollster,"July 31, 2017",-,-,-,-,-,-,11,w. UR or LaJ,33,26,9,5,8,4,4,-,-,-,0
IPSOS / TVP,"July 28, 2017",-,-,-,-,-,-,11,w. UR or LaJ,38,24,10,3,5,1,2,-,-,-,6
IBRiS / Onet,"July 27, 2017",-,-,-,-,-,-,11.9,w. UR or LaJ,32.3,20.6,10.2,5.1,6.2,1.5,3.1,-,-,-,9.1
Kantar Public / TVP,"July 24, 2017",-,-,-,-,-,-,11,w. UR or LaJ,35,21,10,3,4,1,2,-,-,-,13
"Kantar Public / ""GW""[cg]","July 22, 2017",-,-,-,-,-,-,10,w. UR or LaJ,33,23,9,3,3,4,3,-,-,-,12
Millward Brown,"July 21, 2017",-,-,-,-,-,-,8,w. UR or LaJ,32,23,10,4,4,3,3,-,-,-,13
"IBRiS / ""Rz""","July 19, 2017",-,-,-,-,-,-,8.0,w. UR or LaJ,36.5,21.9,8.6,5.2,7.2,1.2,2.2,-,-,-,9.2
Kantar Public,"July 12, 2017",-,-,-,-,-,-,9,w. UR or LaJ,38,19,8,3,4,2,1,-,1,-,15
Millward Brown,"July 12, 2017",-,-,-,-,-,-,8,w. UR or LaJ,36,22,8,4,6,2,4,-,-,-,10
IBRiS / Onet,"July 7, 2017",-,-,-,-,-,-,9.8,w. UR or LaJ,32.1,21.8,9.5,5.0,6.8,1.5,2.8,-,-,-,10.7
CBOS,"July 6, 2017",-,-,-,-,-,-,8,w. UR or LaJ,38,22,5,3,5,2,1,-,-,-,16
"IBRiS / ""Rz""","June 24, 2017",-,-,-,-,-,-,10.0,w. UR or LaJ,33.7,22.9,6.2,4.9,6.7,0.8,2.3,-,-,-,12.5
IPSOS / OKO,"June 21, 2017",-,-,-,-,-,-,12,w. UR or LaJ,41,26,7,5,4,3,4,-,-,-,0
IBRiS / Onet,"June 9, 2017",-,-,-,-,-,-,7.9,w. UR or LaJ,33.3,25.1,8.5,4.6,6.5,2.4,2.6,-,-,-,9.1
Pollster,"June 8, 2017",-,-,-,-,-,-,14,w. UR or LaJ,32,22,9,4,12,-,5,-,-,-,2
CBOS,"June 8, 2017",-,-,-,-,-,-,9,w. UR or LaJ,42,21,4,3,4,1,1,-,-,-,15
Kantar Public,"June 7, 2017",-,-,-,-,-,-,11,w. UR or LaJ,39,18,5,5,5,3,1,-,2,-,11
Millward Brown,"June 4, 2017",-,-,-,-,-,-,9,w. UR or LaJ,32,27,8,4,6,2,3,-,-,-,9
"IBRiS / ""Rz""","May 25, 2017",-,-,-,-,-,-,14.1,w. UR or LaJ,33.5,26.1,7.9,4.1,6.1,1.2,2.5,-,-,-,4.5
Kantar Public,"May 17, 2017",-,-,-,-,-,-,10,w. UR or LaJ,35,21,6,3,3,1,2,-,1,-,18
CBOS,"May 14, 2017",-,-,-,-,-,-,7,w. UR or LaJ,39,26,5,4,4,2,2,-,-,-,11
Pollster,"May 12, 2017",-,-,-,-,-,-,13,w. UR or LaJ,30,28,8,4,10,3,4,-,-,-,0
IBRiS / Onet,"May 11, 2017",-,-,-,-,-,-,10.1,w. UR or LaJ,34.7,31.2,4.4,4.1,5.1,0.0,2.1,-,-,-,8.3
"Kantar Public / ""GW""","May 8, 2017",-,-,-,-,-,-,10,w. UR or LaJ,28,27,5,2,4,2,2,-,1,-,19
IPSOS / TVP,"May 7, 2017",-,-,-,-,-,-,12,w. UR or LaJ,35,27,5,4,3,4,2,-,0,-,8
PAS-P,"May 7, 2017",-,-,-,-,-,-,17.0,w. UR or LaJ,33.0,16.0,4.5,5.0,5.0,8.0,3.5,-,-,-,8.0
Kantar Public / TVP,"April 28, 2017",-,-,-,-,-,-,9,w. UR or LaJ,31,29,4,2,5,2,2,-,-,-,16
"Kantar Public / ""GW""","April 27, 2017",-,-,-,-,-,-,12,w. UR or LaJ,27,28,4,3,5,3,3,-,1,-,14
Millward Brown,"April 25, 2017",-,-,-,-,-,-,10,w. UR or LaJ,29,31,5,3,6,3,3,-,-,-,10
"IBRiS / ""Rz""","April 21, 2017",-,-,-,-,-,-,10.3,w. UR or LaJ,31.7,30.0,6.3,4.4,5.2,0.0,3.4,-,-,-,8.7
Pollster,"April 21, 2017",-,-,-,-,-,-,13,w. UR or LaJ,33,27,8,3,11,1,4,-,-,-,0
"Kantar Public / ""GW""","April 12, 2017",-,-,-,-,-,-,12,w. UR or LaJ,28,27,5,4,3,2,2,-,0,-,17
Kantar Public,"April 11, 2017",-,-,-,-,-,-,11,w. UR or LaJ,38,19,5,3,4,1,2,-,1,-,16
IBRiS / ZET,"April 11, 2017",-,-,-,-,-,-,8.0,w. UR or LaJ,32.7,25.7,6.3,7.0,5.9,0.5,4.5,-,-,-,9.4
CBOS,"April 6, 2017",-,-,-,-,-,-,9,w. UR or LaJ,37,26,5,4,4,2,2,-,-,-,11
Kantar Public / wSieci,"April 5, 2017",-,-,-,-,-,-,13,w. UR or LaJ,35,26,10,4,5,3,3,-,-,-,1
Dobra Opinia,"April 3, 2017",-,-,-,-,-,-,9.8,w. UR or LaJ,34.3,26.2,10.8,5.2,5.5,2.2,3.7,-,-,-,2.3
Pollster,"April 2, 2017",-,-,-,-,-,-,11,w. UR or LaJ,31,26,11,3,12,1,5,-,-,-,0
IBRiS / Onet,"March 30, 2017",-,-,-,-,-,-,8.8,w. UR or LaJ,30.5,29.2,7.4,6.6,6.0,1.1,3.9,-,-,-,6.7
Millward Brown,"March 30, 2017",-,-,-,-,-,-,10,w. UR or LaJ,29,27,8,4,8,4,2,-,-,-,8
"Kantar Public / ""GW""","March 23, 2017",-,-,-,-,-,-,11,w. UR or LaJ,27,24,8,3,5,2,3,-,1,-,16
IPSOS / OKO,"March 19, 2017",-,-,-,-,-,-,10,w. UR or LaJ,32,28,8,6,5,3,4,-,-,-,4
"IBRiS / ""Rz""","March 17, 2017",-,-,-,-,-,-,8.1,w. UR or LaJ,29.4,27.3,9.4,6.2,5.1,1.3,4.9,-,-,-,8.3
CBOS,"March 9, 2017",-,-,-,-,-,-,9,w. UR or LaJ,37,19,8,5,4,2,2,-,-,-,14
Kantar Public,"March 8, 2017",-,-,-,-,-,-,8,w. UR or LaJ,35,21,8,4,4,1,2,-,0,-,17
Millward Brown,"March 8, 2017",-,-,-,-,-,-,5,w. UR or LaJ,34,24,11,4,3,4,3,-,-,-,12
Pollster,"March 8, 2017",-,-,-,-,-,-,13,w. UR or LaJ,31,20,14,5,10,2,5,-,-,-,0
IBRiS / Onet,"March 3, 2017",-,-,-,-,-,-,8.1,w. UR or LaJ,32.8,18.1,11.6,6.2,6.2,1.6,3.4,-,-,-,12.0
Kantar Public,"February 22, 2017",-,-,-,-,-,-,8,w. UR or LaJ,33,22,8,3,3,1,1,-,1,-,20
"IBRiS / ""Rz""","February 17, 2017",-,-,-,-,-,-,9.8,w. UR or LaJ,34.8,17.1,9.9,6.1,5.7,1.2,3.3,-,-,-,12.1
CBOS,"February 9, 2017",-,-,-,-,-,-,8,w. UR or LaJ,40,17,9,3,5,2,2,-,-,-,14
IBRiS / Onet,"February 2, 2017",-,-,-,-,-,-,7.7,w. UR or LaJ,36.0,20.2,13.4,5.7,5.2,0.0,3.2,-,-,-,8.6
Kantar Public,"January 27, 2017",-,-,-,-,-,-,12,w. UR or LaJ,36,19,9,3,5,2,2,-,2,-,10
"IBRiS / ""Rz""","January 20, 2017",-,-,-,-,-,-,7.2,w. UR or LaJ,37.7,19.1,11.4,6.9,5.2,0.5,3.0,-,-,-,9.0
Pollster,"January 20, 2017",-,-,-,-,-,-,14,w. UR or LaJ,34,16,15,4,10,2,5,-,-,-,0
CBOS,"January 15, 2017",-,-,-,-,-,-,8,w. UR or LaJ,37,16,9,5,6,2,2,-,-,-,15
IBRiS / ZET,"January 13, 2017",-,-,-,-,-,-,5.3,w. UR or LaJ,34.9,20.6,14.0,7.9,5.8,1.4,2.9,-,-,-,7.2
IBRiS / Onet,"January 5, 2017",-,-,-,-,-,-,8.6,w. UR or LaJ,34.7,17.1,13.3,5.7,5.9,1.3,3.6,-,-,-,9.8
Pollster,"January 3, 2017",-,-,-,-,-,-,15,w. UR or LaJ,31,11,24,4,8,2,5,-,-,-,0
Millward Brown,"December 22, 2016",-,-,-,-,-,-,6,w. UR or LaJ,35,15,24,5,3,3,2,-,-,-,7
Kantar Public / CBOS,"December 22, 2016",-,-,-,-,-,-,9,w. UR or LaJ,35,19,18,3,3,2,2,-,-,-,9
IPSOS / OKO,"December 21, 2016",-,-,-,-,-,-,10,w. UR or LaJ,35,21,20,3,4,4,2,-,-,-,1
IBRiS,"December 20, 2016",-,-,-,-,-,-,9.7,w. UR or LaJ,30.3,17.7,22.3,4.9,3.8,2.5,2.5,-,-,-,6.3
Pollster,"December 15, 2016",-,-,-,-,-,-,12,w. UR or LaJ,33,13,21,3,8,3,7,-,-,-,0
CBOS,"December 11, 2016",-,-,-,-,-,-,7,w. UR or LaJ,36,16,14,3,4,3,2,-,-,-,15
IBRiS / Onet,"December 11, 2016",-,-,-,-,-,-,8.6,w. UR or LaJ,30.1,15.2,20.0,5.4,5.2,2.8,4.0,-,-,-,8.7
Kantar Public,"December 7, 2016",-,-,-,-,-,-,8,w. UR or LaJ,35,18,10,5,4,1,2,-,1,-,16
Millward Brown / RMF,"November 25, 2016",-,-,-,-,-,-,8,w. UR or LaJ,34,17,19,2,5,4,2,-,-,-,9
Pollster,"November 24, 2016",-,-,-,-,-,-,10,w. UR or LaJ,33,13,23,3,8,4,4,-,-,-,2
PAS-P,"November 21, 2016",-,-,-,-,-,-,18.0,w. UR or LaJ,34.0,13.5,7.0,7.0,3.5,6.0,2.5,-,-,-,8.5
"IBRiS / ""Rz""","November 19, 2016",-,-,-,-,-,-,9.1,w. UR or LaJ,29.7,14.2,19.9,4.3,4.5,3.5,4.0,-,-,-,10.8
Kantar Public,"November 17, 2016",-,-,-,-,-,-,8,w. UR or LaJ,34,19,9,5,4,1,2,-,1,-,17
CBOS,"November 13, 2016",-,-,-,-,-,-,6,w. UR or LaJ,38,14,17,4,5,2,1,-,-,-,13
IBRiS / Onet,"November 10, 2016",-,-,-,-,-,-,7.4,w. UR or LaJ,30.6,14.2,22.4,5.7,4.9,2.0,3.1,-,-,-,9.7
"TNS Poland / ""GW""","October 26, 2016",-,-,-,-,-,-,11,w. UR or LaJ,29,14,19,3,2,3,3,-,1,-,15
"IBRiS / ""Rz""","October 22, 2016",-,-,-,-,-,-,8.9,w. UR or LaJ,30.2,16.7,20.1,5.1,5.7,1.1,2.9,-,-,-,9.3
CBOS,"October 19, 2016",-,-,-,-,-,-,6,w. UR or LaJ,38,15,16,4,4,3,2,-,-,-,12
Dobra Opinia,"October 16, 2016",-,-,-,-,-,-,8.6,w. UR or LaJ,33.9,20.7,17.5,4.2,6.0,2.2,4.2,-,-,-,2.7
IBRiS / Onet,"October 13, 2016",-,-,-,-,-,-,6.8,w. UR or LaJ,29.3,16.3,22.9,5.2,5.3,1.4,3.4,-,-,-,9.4
TNS Poland,"October 12, 2016",-,-,-,-,-,-,9,w. UR or LaJ,34,15,11,3,3,3,3,-,0,-,19
Pollster,"October 11, 2016",-,-,-,-,-,-,7,w. UR or LaJ,24,13,18,2,6,5,4,-,-,-,21
IBRiS / ZET,"October 8, 2016",-,-,-,-,-,-,6.7,w. UR or LaJ,29.8,16.1,24.3,5.1,4.7,1.6,3.9,-,-,-,7.8
Millward Brown,"October 5, 2016",-,-,-,-,-,-,8,w. UR or LaJ,30,16,22,2,5,5,4,-,-,-,8
IPSOS / OKO,"September 30, 2016",-,-,-,-,-,-,11,w. UR or LaJ,34,14,22,2,3,3,3,-,-,-,8
"IBRiS / ""Rz""","September 29, 2016",-,-,-,-,-,-,10.0,w. UR or LaJ,29.4,12.8,25.1,3.2,5.2,3.3,5.0,-,-,-,6.0
"IBRiS / ""Rz""","September 24, 2016",-,-,-,-,-,-,10.9,w. UR or LaJ,31.8,15.2,20.4,4.0,5.1,1.9,3.5,-,-,-,7.2
"TNS Poland / ""Fakt""","September 20, 2016",-,-,-,-,-,-,12.6,w. UR or LaJ,36.1,17.1,19.6,2.5,4.9,3.7,1.8,-,-,-,1.7
IBRiS / Onet,"September 16, 2016",-,-,-,-,-,-,9.0,w. UR or LaJ,31.2,18.2,20.1,3.5,4.1,1.9,2.3,-,-,-,9.7
Pollster,"September 15, 2016",-,-,-,-,-,-,9,w. UR or LaJ,23,9,15,2,6,4,4,-,-,-,28
CBOS,"September 15, 2016",-,-,-,-,-,-,6,w. UR or LaJ,36,17,16,3,3,2,2,-,-,-,15
TNS Poland,"September 14, 2016",-,-,-,-,-,-,9,w. UR or LaJ,36,17,11,3,3,2,1,-,1,-,17
"IBRiS / ""Rz""","August 27, 2016",-,-,-,-,-,-,10.6,w. UR or LaJ,28.6,17.4,18.9,5.2,5.3,1.9,3.8,-,-,-,8.3
CBOS,"August 25, 2016",-,-,-,-,-,-,8,w. UR or LaJ,41,16,12,3,3,2,3,-,-,-,12
IBRiS / Onet,"August 19, 2016",-,-,-,-,-,-,10.1,w. UR or LaJ,34.3,18.4,17.9,3.2,4.8,2.5,3.5,-,-,-,5.3
TNS Poland,"August 10, 2016",-,-,-,-,-,-,9,w. UR or LaJ,36,18,8,5,3,3,0,-,1,-,17
"IBRiS / ""Rz""","July 30, 2016",-,-,-,-,-,-,10.6,w. UR or LaJ,31.8,18.3,18.4,4.1,6.4,3.2,2.2,-,-,-,5.0
Pollster,"July 23, 2016",-,-,-,-,-,-,9,w. UR or LaJ,25,12,15,2,7,4,3,-,-,-,23
IBRiS / Onet,"July 22, 2016",-,-,-,-,-,-,7.9,w. UR or LaJ,33.2,17.5,19.7,3.1,5.3,3.2,2.7,-,-,-,7.4
Millward Brown,"July 21, 2016",-,-,-,-,-,-,7,w. UR or LaJ,33,19,18,2,4,3,4,-,-,-,10
Pollster,"July 18, 2016",-,-,-,-,-,-,8,w. UR or LaJ,25,10,16,4,6,5,5,-,-,-,21
Pracownia Mediowa,"July 8, 2016",-,-,-,-,-,-,4.0,w. UR or LaJ,24.0,19.8,15.5,3.0,2.0,2.0,3.0,-,-,-,26.7
CBOS,"July 7, 2016",-,-,-,-,-,-,8,w. UR or LaJ,39,15,14,3,3,4,3,-,-,-,11
TNS Poland,"July 6, 2016",-,-,-,-,-,-,8,w. UR or LaJ,36,18,10,4,4,1,2,-,0,-,17
"IBRiS / ""Rz""","July 5, 2016",-,-,-,-,-,-,10.3,w. UR or LaJ,32.2,15.4,20.6,2.5,5.4,3.3,3.4,-,-,-,6.9
IPSOS / OKO,"June 28, 2016",-,-,-,-,-,-,7,w. UR or LaJ,35,15,20,3,2,8,3,-,-,-,7
"TNS Poland / ""GW""","June 28, 2016",-,-,-,-,-,-,9,w. UR or LaJ,30,18,16,3,3,6,4,-,1,-,10
IBRiS / Onet,"June 24, 2016",-,-,-,-,-,-,11.0,w. UR or LaJ,35.5,15.4,19.6,3.2,4.7,3.5,2.0,-,-,-,5.1
Pollster,"June 20, 2016",-,-,-,-,-,-,8,w. UR or LaJ,29,9,19,2,5,4,5,-,-,-,19
PAS-P,"June 12, 2016",-,-,-,-,-,-,19,w. UR or LaJ,41,14,6,4.5,3,7,1.5,-,-,-,4
Millward Brown,"June 10, 2016",-,-,-,-,-,-,7,w. UR or LaJ,36,14,21,2,4,5,3,-,-,-,8
CBOS,"June 9, 2016",-,-,-,-,-,-,9,w. UR or LaJ,35,15,14,2,5,3,3,-,-,-,14
TNS Poland,"June 8, 2016",-,-,-,-,-,-,9,w. UR or LaJ,40,17,9,2,3,4,2,-,1,-,13
"IBRiS / ""Rz""","June 4, 2016",-,-,-,-,-,-,7.9,w. UR or LaJ,32.7,18.2,19.3,4.6,3.7,5.0,2.9,-,-,-,5.7
CBOS,"May 29, 2016",-,-,-,-,-,-,6,w. UR or LaJ,36,16,14,5,4,3,3,-,-,-,13
IBRiS / Onet,"May 27, 2016",-,-,-,-,-,-,7.5,w. UR or LaJ,32.6,16.2,21.1,4.2,4.9,3.9,3.8,-,-,-,5.8
Pollster,"May 25, 2016",-,-,-,-,-,-,7,w. UR or LaJ,28,12,17,2,7,5,2,-,-,-,20
Millward Brown,"May 24, 2016",-,-,-,-,-,-,5,w. UR or LaJ,37,17,20,4,5,4,3,-,-,-,5
"Millward Brown / ""GW""","May 22, 2016",-,-,-,-,-,-,4,w. UR or LaJ,34,14,19,4,5,6,3,-,-,-,11
TNS Poland,"May 18, 2016",-,-,-,-,-,-,7,w. UR or LaJ,39,17,11,4,4,2,2,-,0,-,14
Dobra Opinia,"May 17, 2016",-,-,-,-,-,-,9.0,w. UR or LaJ,37.1,19.0,18.0,3.9,4.0,4.7,2.6,-,0.0,-,1.7
CBOS,"May 12, 2016",-,-,-,-,-,-,8,w. UR or LaJ,34,16,18,4,4,3,2,-,0,-,11
"TNS Poland / ""GW""","May 10, 2016",-,-,-,-,-,-,9,w. UR or LaJ,34,17,20,2,3,4,2,-,0,-,9
"IBRiS / ""Rz""","May 8, 2016",-,-,-,-,-,-,10.4,w. UR or LaJ,33.1,11.9,20.7,5.3,5.6,3.0,3.2,-,0.0,-,6.8
IBRiS / Onet,"April 29, 2016",-,-,-,-,-,-,8.4,w. UR or LaJ,34.0,16.0,22.5,3.5,5.1,1.4,1.9,-,0.0,-,7.2
Pollster,"April 28, 2016",-,-,-,-,-,-,9,w. UR or LaJ,28,12,20,3,6,4,3,-,0,-,15
Millward Brown,"April 28, 2016",-,-,-,-,-,-,7,w. UR or LaJ,33,15,22,3,4,4,3,-,0,-,9
IBRiS,"April 14, 2016",-,-,-,-,-,-,13.1,w. UR or LaJ,30.9,12.8,20.4,4.6,4.6,2.7,3.0,-,0.0,-,7.9
TNS Poland,"April 13, 2016",-,-,-,-,-,-,8,w. UR or LaJ,34,18,9,3,3,2,2,-,2,-,19
"TNS Poland / ""GW""","April 13, 2016",-,-,-,-,-,-,12,w. UR or LaJ,32,15,17,3,4,4,3,-,0,-,10
"IBRiS / ""Rz""","April 8, 2016",-,-,-,-,-,-,11.7,w. UR or LaJ,27.6,15.0,21.9,4.6,4.6,4.9,3.1,-,0.0,-,6.6
Pollster,"April 7, 2016",-,-,-,-,-,-,10,w. UR or LaJ,26,12,19,2,6,4,5,-,0,-,16
CBOS,"April 7, 2016",-,-,-,-,-,-,8,w. UR or LaJ,38,13,18,3,4,2,3,-,0,-,11
IBRiS / Onet,"April 1, 2016",-,-,-,-,-,-,11.5,w. UR or LaJ,29.3,14.3,22.7,2.4,4.1,5.0,4.6,-,0.0,-,6.1
Millward Brown,"March 23, 2016",-,-,-,-,-,-,10,w. UR or LaJ,29,17,18,3,6,5,5,-,0,-,7
CBOS,"March 19, 2016",-,-,-,-,-,-,12,w. UR or LaJ,34,14,16,3,4,6,2,-,0,-,9
IBRiS,"March 17, 2016",-,-,-,-,-,-,6.7,w. UR or LaJ,33.5,15.7,23.5,3.3,5.4,2.5,3.7,-,0.0,-,5.7
"TNS Poland / ""GW""","March 16, 2016",-,-,-,-,-,-,14,w. UR or LaJ,26,15,19,2,3,5,4,-,1,-,11
"IBRiS / ""Rz""","March 12, 2016",-,-,-,-,-,-,8.3,w. UR or LaJ,32.9,18.9,22.1,3.6,4.7,2.1,2.3,-,0.0,-,5.1
TNS Poland,"March 9, 2016",-,-,-,-,-,-,9,w. UR or LaJ,38,12,13,5,3,2,1,-,0,-,17
CBOS,"March 9, 2016",-,-,-,-,-,-,8,w. UR or LaJ,37,18,17,3,3,2,2,-,0,-,10
IBRiS / Onet,"March 4, 2016",-,-,-,-,-,-,7.4,w. UR or LaJ,33.9,17.9,23.5,2.9,4.2,2.7,3.2,-,0.0,-,4.3
Millward Brown,"February 26, 2016",-,-,-,-,-,-,8,w. UR or LaJ,32,17,22,2,4,3,3,-,0,-,9
Pollster,"February 23, 2016",-,-,-,-,-,-,11,w. UR or LaJ,27,11,22,5,5,4,3,-,0,-,12
Dobra Opinia,"February 16, 2016",-,-,-,-,-,-,11.6,w. UR or LaJ,34.5,18.0,18.4,4.2,4.8,4.0,3.1,-,0.0,-,1.5
"IBRiS / ""Rz""","February 13, 2016",-,-,-,-,-,-,8.6,w. UR or LaJ,30.5,14.4,23.7,3.6,4.8,2.7,2.2,-,0.0,-,9.5
TNS Poland,"February 10, 2016",-,-,-,-,-,-,9,w. UR or LaJ,40,15,13,5,2,3,2,-,1,-,10
CBOS,"February 10, 2016",-,-,-,-,-,-,11,w. UR or LaJ,34,14,19,2,3,3,2,-,0,-,12
Pollster,"February 8, 2016",-,-,-,-,-,-,10,w. UR or LaJ,26,12,21,4,4,3,3,-,0,-,17
PAS-P,"February 6, 2016",-,-,-,-,-,-,19,w. UR or LaJ,39,14,7,3.5,as UL,7.5,2,-,as UL,3,5
IBRiS / Onet,"February 5, 2016",-,-,-,-,-,-,6.9,w. UR or LaJ,30.3,15.2,26.2,4.6,5.7,3.6,2.7,-,0.0,-,4.8
"TNS Poland / ""GW""","January 31, 2016",-,-,-,-,-,-,8,w. UR or LaJ,28,19,22,-,-,4,-,-,-,-,19
"TNS Poland / ""Fakt""","January 28, 2016",-,-,-,-,-,-,9.5,w. UR or LaJ,31.2,21.1,24.4,2.0,as UL,4.2,3.5,-,as UL,3.5,0.6
CBOS,"January 28, 2016",-,-,-,-,-,-,11,w. UR or LaJ,36,14,18,2,3,4,2,-,1,-,9
TNS Poland,"January 27, 2016",-,-,-,-,-,-,10,w. UR or LaJ,37,17,13,4,as UL,4,1,-,as UL,4,10
TNS Poland,"January 20, 2016",-,-,-,-,-,-,11,w. UR or LaJ,38,16,15,3,as UL,3,2,-,as UL,2,10
Pollster,"January 18, 2016",-,-,-,-,-,-,8,w. UR or LaJ,27,12,24,4,as UL,4,3,-,as UL,5,13
"IBRiS / ""Rz""","January 16, 2016",-,-,-,-,-,-,4.8,w. UR or LaJ,31.6,13.6,28.2,4.6,5.0,2.9,1.7,-,0,-,7.6
Millward Brown,"January 14, 2016",-,-,-,-,-,-,9,w. UR or LaJ,30,14,27,2,5,4,1,-,0,-,8
CBOS,"January 14, 2016",-,-,-,-,-,-,9,w. UR or LaJ,39,13,22,2,2,3,3,-,1,-,6
PressMix,"January 9, 2016",-,-,-,-,-,-,5,w. UR or LaJ,48,7,9,2,1,1,4,-,0,-,23
IBRiS / Onet,"January 7, 2016",-,-,-,-,-,-,7.0,w. UR or LaJ,27.3,16.2,29.6,4.5,as UL,3.3,2.2,-,as UL,5.4,4.5
PAS-P,"December 20, 2015",-,-,-,-,-,-,21,w. UR or LaJ,38,16,6,6,as UL,4,3,-,as UL,4,2
"IBRiS / ""WP""","December 17, 2015",-,-,-,-,-,-,7.7,w. UR or LaJ,27.9,12.7,30.8,3.8,as UL,5.0,1.9,-,as UL,6.1,4.1
Millward Brown,"December 17, 2015",-,-,-,-,-,-,6,w. UR or LaJ,33,14,28,4,4,4,1,-,0,-,6
"IBRiS / ""SE""","December 15, 2015",-,-,-,-,-,-,7.9,w. UR or LaJ,27.3,14.4,30.9,5.6,as UL,3.9,1.6,-,as UL,5.3,3.1
"IBRiS / ""Rz""","December 12, 2015",-,-,-,-,-,-,5.3,w. UR or LaJ,29.8,14.8,25.3,5.7,as UL,5.7,1.7,-,as UL,7.4,4.3
"TNS Poland / ""GW""","December 11, 2015",-,-,-,-,-,-,12,w. UR or LaJ,27,16,24,4,as UL,-,4,-,as UL,6,7
IPSOS / TVP,"December 11, 2015",-,-,-,-,-,-,6,w. UR or LaJ,33,17,18,3,as UL,6,2,-,as UL,6,9
CBOS,"December 10, 2015",-,-,-,-,-,-,8,w. UR or LaJ,35,15,21,3,3,3,3,-,1,-,8
TNS Poland,"December 9, 2015",-,-,-,-,-,-,12,w. UR or LaJ,42,17,10,3,as UL,2,1,-,as UL,4,9
PressMix,"December 6, 2015",-,-,-,-,-,-,10,w. UR or LaJ,45,10,12,4,as UL,3,6,-,as UL,3,7
IBRiS / Onet,"December 5, 2015",-,-,-,-,-,-,6.1,w. UR or LaJ,31.8,18.0,20.0,6.4,as UL,3.7,1.3,-,as UL,7.9,4.8
Millward Brown,"December 3, 2015",-,-,-,-,-,-,7,w. UR or LaJ,32,19,20,4,as UL,4,2,-,as UL,6,6
"IBRiS / ""Rz""","November 28, 2015",-,-,-,-,-,-,7.0,w. UR or LaJ,34.6,14.8,22.8,4.9,as UL,5.4,1.5,-,as UL,5.4,3.6
Estymator,"November 27, 2015",-,-,-,-,-,-,8,w. UR or LaJ,42,16,17,4,as UL,4,3,-,as UL,4,2
IPSOS / TVP,"November 19, 2015",-,-,-,-,-,-,10,w. UR or LaJ,35,18,10,4,as UL,6,3,-,as UL,4,10
Millward Brown,"November 18, 2015",-,-,-,-,-,-,7,w. UR or LaJ,35,22,9,5,as UL,5,4,-,as UL,7,6
"IBRiS / ""Rz""","November 14, 2015",-,-,-,-,-,-,6.9,w. UR or LaJ,35.3,19.6,13.8,5.1,as UL,4.0,2.9,-,as UL,7.8,4.6
TNS Poland,"November 12, 2015",-,-,-,-,-,-,9,w. UR or LaJ,44,17,8,4,as UL,3,1,-,as UL,5,9
IBRiS / Onet,"November 6, 2015",-,-,-,-,-,-,7.6,w. UR or LaJ,34.4,19.9,13.5,5.0,as UL,3.8,4.2,-,as UL,8.9,2.7
"IBRiS / ""Rz""","November 3, 2015",-,-,-,-,-,-,10.4,w. UR or LaJ,35.7,19.0,11.8,4.1,as UL,3.6,5.1,-,as UL,5.8,4.5
