Polling Firm,Fieldwork Period,United Right,Civic Coalition,The Left,Polish Coalition,Confederation,Poland 2050,Others / Don't know
United Surveys / WP.pl,2022-11-05,32.4,26.0,9.6,6.2,4.4,13.1,8.3
"IBRiS / ""Rz""",2022-11-05,33.7,27.6,10.1,5.7,5.0,10.9,7.0
Research Partner,2022-10-31,32.6,29.0,6.6,5.4,6.5,10.3,8.0
Social Changes / wPolityce.pl,2022-10-31,35.0,28.0,8.0,5.0,10.0,9.0,2.0
Estymator/ DoRzeczy.pl,2022-10-28,36.4,28.3,9.8,7.1,5.2,11.3,0.4
PGB Opinium,2022-10-26,34.0,29.6,8.5,4.2,6.3,12.5,3.9
Social Changes / wPolityce.pl,2022-10-24,36.0,29.0,8.0,5.0,8.0,10.0,2.0
United Surveys / WP.pl,2022-10-23,32.1,24.7,7.2,6.7,3.5,14.0,11.8
"IBRiS / ""Rz""",2022-10-22,33.0,26.7,9.3,6.2,5.2,9.6,10.0
IBSP,2022-10-20,34.47,26.99,07.03,3.71,7.1,18.75,1.95
Pollster / SE.pl,2022-10-19,35.56,30.69,09.01,3.26,5.95,13.3,0.5
Social Changes / wPolityce.pl,2022-10-19,36.0,28.0,8.0,5.0,8.0,10.0,2.0
Kantar Public,2022-10-19,28.0,31.0,7.0,4.0,5.0,10.0,14.0
Research Partner,2022-10-17,30.6,26.0,6.5,6.8,7.5,10.8,9.4
Estymator / DoRzeczy.pl,2022-10-14,37.1,27.7,10.7,6.8,5.7,10.1,0.3
IBRiS / Onet,2022-10-13,32.7,27.4,8.4,5.6,5.6,11.3,9.0
CBOS,2022-10-13,30.0,18.0,6.0,2.0,5.0,9.0,24.0
Social Changes / wPolityce.pl,2022-10-10,36.0,30.0,9.0,3.0,7.0,10.0,3.0
United Surveys / WP.pl,2022-10-09,33.8,26.2,8.8,5.6,5.0,13.6,7.0
IBRiS / ZET,2022-10-05,33.9,29.1,8.7,5.9,5.2,10.7,6.5
Social Changes / wPolityce.pl,2022-10-03,37.0,30.0,7.0,4.0,8.0,9.0,2.0
Social Changes / wPolityce.pl,2022-09-26,36.0,28.0,9.0,4.0,9.0,11.0,1.0
United Surveys / WP.pl,2022-09-25,34.1,26.4,9.2,5.0,6.0,11.9,7.4
"IBRiS / ""Rz.pl""",2022-09-24,32.9,27.1,9.0,6.3,5.6,10.6,8.5
Estymator / DoRzeczy.pl,2022-09-23,35.9,26.8,11.0,6.5,6.1,12.2,0.2
Pollster / SE.pl,2022-09-22,34.8,29.3,9.22,06.05,6.31,12.63,0.39
Social Changes / wPolityce.pl,2022-09-19,37.0,30.0,6.0,5.0,8.0,10.0,1.0
CBOS,2022-09-15,30.0,21.0,6.0,2.0,4.0,10.0,21.0
IBRiS / Onet,2022-09-13,31.6,26.1,9.2,6.2,5.6,13.4,7.9
Social Changes / wPolityce.pl,2022-09-12,36.0,26.0,8.0,7.0,2.0,10.0,2.0
United Surveys / WP.pl,2022-09-11,32.9,26.2,8.6,5.2,4.2,12.9,10.0
Estymator / DoRzeczy.pl,2022-09-09,37.0,26.1,9.9,6.7,6.7,11.8,0.3
IPSOS / OKO.press,2022-09-08,33.0,26.0,8.0,5.0,7.0,12.0,8.0
Kantar Public,2022-09-07,29.0,27.0,7.0,3.0,6.0,8.0,16.0
Social Changes / wPolityce.pl,2022-09-05,36.0,29.0,8.0,5.0,8.0,11.0,1.0
IBRiS / ZET,2022-09-03,33.2,26.9,7.3,5.4,4.2,14.5,8.5
"United Surveys / DGP, RMF",2022-09-01,32.0,25.0,8.1,5.3,5.6,13.3,10.6
Social Changes / wPolityce.pl,2022-08-29,39.0,26.0,8.0,4.0,8.0,10.0,2.0
Research Partner,2022-08-29,35.2,25.6,8.0,4.6,5.3,8.2,10.7
United Surveys / WP.pl,2022-08-28,31.6,25.9,9.5,4.8,5.1,14.0,9.1
"IBRiS / ""Rz""",2022-08-27,30.9,25.8,10.1,5.2,3.0,12.1,12.9
Estymator / DoRzeczy.pl,2022-08-26,36.0,28.1,10.6,6.9,6.3,10.1,0.2
CBOS,2022-08-25,31.0,21.0,4.0,2.0,7.0,10.0,0.0
Pollster / SE.pl,2022-08-24,34.45,29.69,9.36,6.2,5.62,12.25,0.45
Social Changes / wPolityce.pl,2022-08-22,36.0,27.0,9.0,4.0,9.0,10.0,2.0
Kantar / TVN,2022-08-18,29.0,27.0,7.0,2.0,8.0,13.0,13.0
IBSP,2022-08-17,33.7,29.09,7.63,3.22,06.06,16.63,3.67
Social Changes / wPolityce.pl,2022-08-15,39.0,28.0,9.0,4.0,9.0,8.0,2.0
Research Partner,2022-08-15,34.7,25.8,7.4,4.2,5.7,8.5,11.4
Estymator / DoRzeczy.pl,2022-08-12,36.8,26.8,11.0,7.2,6.6,9.7,0.2
Kantar Public,2022-08-10,30.0,26.0,9.0,4.0,4.0,9.0,16.0
Social Changes / wPolityce.pl,2022-08-08,37.0,31.0,8.0,5.0,8.0,7.0,1.0
Social Changes / wPolityce.pl,2022-08-01,38.0,27.0,8.0,3.0,9.0,10.0,2.0
Research Partner,2022-08-01,38.2,25.8,7.4,5.7,6.1,7.7,7.1
United Surveys / WP.pl,2022-07-31,33.2,27.1,8.5,6.6,4.6,11.4,8.6
Estymator / DoRzeczy.pl,2022-07-29,36.6,26.4,11.6,7.1,6.9,9.5,0.4
IBRiS / Onet,2022-07-26,34.9,26.5,9.5,5.1,5.6,11.6,6.8
Social Changes / wPolityce.pl,2022-07-25,37.0,30.0,7.0,4.0,8.0,10.0,1.0
United Surveys / WP.pl,2022-07-23,34.2,25.9,9.8,6.3,4.0,9.4,10.4
Kantar Public,2022-07-20,26.0,27.0,8.0,5.0,6.0,8.0,16.0
Pollster / SE.pl,2022-07-19,33.8,27.33,12.69,5.13,8.66,11.01,0.3
Social Changes / wPolityce.pl,2022-07-18,39.0,27.0,8.0,3.0,9.0,10.0,2.0
Estymator / DoRzeczy.pl,2022-07-16,37.1,26.6,11.2,6.6,7.0,9.7,0.2
Social Changes / wPolityce.pl,2022-07-11,39.0,26.0,9.0,4.0,9.0,11.0,1.0
Research Partner,2022-07-11,33.9,26.6,8.1,4.8,4.9,7.7,11.2
CBOS,2022-07-07,33.0,18.0,5.0,3.0,6.0,8.0,22.0
ewybory.eu,2022-07-06,34.17,28.1,14.78,3.77,07.02,7.41,4.76
IBRiS / ZET,2022-07-05,33.7,25.2,8.5,5.1,6.0,9.8,11.7
Social Changes / wPolityce.pl,2022-07-04,37.0,26.0,8.0,5.0,9.0,10.0,2.0
United Surveys / WP.pl,2022-07-02,33.1,24.7,9.4,4.6,6.3,10.7,11.2
Social Changes / wPolityce.pl,2022-06-27,37.0,26.0,9.0,4.0,9.0,11.0,1.0
Research Partner,2022-06-27,34.4,24.5,7.8,4.7,6.2,9.6,10.9
Estymator / DoRzeczy.pl,2022-06-24,38.0,26.9,11.8,6.9,5.9,8.4,0.3
Kantar / TVN,2022-06-23,31.0,26.0,8.0,2.0,6.0,10.0,16.0
Pollster / SE.pl,2022-06-22,35.28,23.88,10.68,6.63,5.97,13.68,1.61
Social Changes / wPolityce.pl,2022-06-20,37.0,27.0,9.0,4.0,7.0,11.0,1.0
United Surveys / WP.pl,2022-06-19,34.2,25.5,9.2,5.2,5.3,7.0,13.6
"IBRiS / ""Rz""",2022-06-18,34.5,25.4,8.4,5.5,4.7,9.6,11.9
Research Partner,2022-06-13,32.8,23.0,7.7,4.4,5.4,10.5,13.8
Social Changes / wPolityce.pl,2022-06-13,37.0,25.0,7.0,5.0,9.0,12.0,2.0
IBSP / Stan Polityki,2022-06-13,37.01,27.8,7.94,2.65,7.73,15.52,1.35
Estymator / DoRzeczy.pl,2022-06-10,38.5,27.1,11.1,6.3,5.8,9.0,0.3
"Kantar / ""GW""",2022-06-09,32.1,22.3,8.2,3.6,7.3,9.7,16.8
CBOS,2022-06-09,32.0,17.0,4.0,3.0,5.0,12.0,20.0
Kantar Public,2022-06-08,29.0,23.0,8.0,4.0,4.0,10.0,19.0
"United Surveys / DGP, RMF",2022-06-07,37.1,25.5,8.3,5.0,4.2,10.2,9.7
Social Changes / wPolityce.pl,2022-06-06,37.0,27.0,7.0,4.0,8.0,13.0,2.0
United Surveys / WP.pl,2022-06-04,36.5,24.9,9.4,5.3,5.6,11.0,7.3
IBRiS / ZET,2022-06-01,35.1,25.3,8.9,6.3,4.1,8.4,11.9
Research Partner,2022-05-30,31.3,25.5,7.5,2.6,7.0,12.1,11.2
Social Changes / wPolityce.pl,2022-05-30,37.0,27.0,8.0,3.0,8.0,13.0,1.0
Estymator / DoRzeczy.pl,2022-05-27,39.5,28.4,10.5,6.2,5.1,8.2,0.5
Pollster / SE.pl,2022-05-25,35.28,25.09,10.91,4.72,6.3,12.35,2.33
Social Changes / wPolityce.pl,2022-05-23,38.0,25.0,8.0,3.0,10.0,12.0,1.0
"IBRiS / ""Rz""",2022-05-21,36.9,26.8,8.4,5.7,5.1,9.4,7.7
United Surveys / WP.pl,2022-05-21,36.2,25.2,9.2,5.7,5.2,8.4,10.1
Kantar Public,2022-05-18,29.0,24.0,8.0,3.0,4.0,9.0,18.0
Social Changes / wPolityce.pl,2022-05-16,38.0,28.0,7.0,3.0,9.0,11.0,2.0
Estymator / DoRzeczy.pl,2022-05-13,39.2,27.1,11.2,6.4,5.9,7.9,0.3
IPSOS / OKO.press,2022-05-12,35.0,26.0,9.0,4.0,7.0,13.0,6.0
CBOS,2022-05-12,36.0,19.0,4.0,2.0,3.0,9.0,19.0
Social Changes / wPolityce.pl,2022-05-09,36.0,27.0,9.0,4.0,8.0,12.0,2.0
Research Partner,2022-05-09,30.8,26.3,6.0,4.0,6.8,11.6,12.5
United Surveys / WP.pl,2022-05-07,34.7,27.0,9.0,5.0,5.4,9.3,9.6
IBRiS / ZET,2022-05-04,35.9,26.3,9.0,5.1,5.0,8.6,10.1
"United Surveys / DGP, RMF",2022-05-04,37.8,24.9,10.2,5.4,4.7,9.0,6.7
Social Changes / wPolityce.pl,2022-05-03,37.0,27.0,8.0,3.0,8.0,12.0,2.0
Estymator / DoRzeczy.pl,2022-04-29,38.4,27.0,10.5,6.7,7.3,8.0,0.3
Pollster / SE.pl,2022-04-28,35.41,26.48,10.12,5.7,5.45,14.14,0.26
IBRiS / Onet,2022-04-26,34.7,27.0,8.6,5.0,4.5,9.1,11.1
Social Changes / wPolityce.pl,2022-04-25,40.0,25.0,8.0,3.0,8.0,12.0,2.0
Research Partner,2022-04-25,32.5,25.5,6.1,3.7,7.9,10.7,11.5
United Surveys / WP.pl,2022-04-23,36.0,26.6,9.3,5.8,3.3,10.7,8.3
Social Changes / wPolityce.pl,2022-04-18,36.0,26.0,10.0,2.0,11.0,11.0,2.0
Estymator / DoRzeczy.pl,2022-04-14,39.0,26.4,8.5,6.6,8.3,9.1,0.5
Kantar Public,2022-04-13,30.0,26.0,8.0,4.0,6.0,9.0,14.0
Social Changes / wPolityce.pl,2022-04-11,39.0,26.0,7.0,3.0,9.0,13.0,1.0
Research Partner,2022-04-11,32.7,23.3,6.1,3.8,6.3,11.6,12.9
IBSP / Stan Polityki,2022-04-11,40.68,22.61,5.53,2.82,6.94,16.95,4.47
CBOS,2022-04-07,32.0,17.0,4.0,2.0,4.0,11.0,24.0
Social Changes / wPolityce.pl,2022-04-04,38.0,25.0,9.0,5.0,8.0,11.0,1.0
"IBRiS / ""Rz""",2022-04-02,32.9,25.1,7.1,5.0,6.3,9.0,14.6
United Surveys / WP.pl,2022-04-02,33.7,23.7,6.2,5.4,5.1,9.7,16.2
Estymator / DoRzeczy.pl,2022-03-31,39.2,25.4,8.3,6.1,7.4,10.9,0.9
IBRiS / ZET,2022-03-31,34.2,26.2,6.3,5.3,7.8,8.3,11.9
Social Changes / wPolityce.pl,2022-03-28,37.0,29.0,7.0,3.0,9.0,11.0,1.0
Social Changes / wPolityce.pl,2022-03-28,36.0,28.0,7.0,3.0,8.0,10.0,5.0
Research Partner,2022-03-28,33.6,24.2,6.4,3.1,8.0,11.8,10.7
Kantar Public / Polityka,2022-03-21,31.0,22.0,5.0,2.0,6.0,14.0,19.0
Social Changes / wPolityce.pl,2022-03-21,37.0,25.0,8.0,5.0,10.0,11.0,1.0
"United Surveys / DGP, RMF",2022-03-19,34.6,23.2,6.9,4.8,6.7,11.1,12.7
United Surveys / WP.pl,2022-03-18,33.4,23.1,8.1,5.2,4.1,9.1,17.0
Kantar Public,2022-03-16,30.0,27.0,7.0,3.0,5.0,9.0,16.9
Research Partner,2022-03-14,31.4,25.8,8.2,4.3,7.6,10.4,9.8
Estymator / DoRzeczy.pl,2022-03-11,39.6,25.1,7.5,6.3,7.0,12.2,0.8
IPSOS / OKO.press,2022-03-10,34.0,24.0,5.0,4.0,11.0,12.0,10.0
CBOS,2022-03-10,30.0,20.0,4.0,2.0,6.0,11.0,25.0
Kantar / KO,2022-03-04,30.0,25.0,4.0,5.0,10.0,14.0,10.0
United Surveys / WP.pl,2022-03-04,33.6,21.2,6.9,4.6,4.4,9.7,19.6
Pollster / SE.pl,2022-03-03,37.99,25.89,6.59,5.97,7.66,13.08,0.43
IBRiS / ZET,2022-03-01,37.4,22.8,7.2,4.9,4.1,10.9,12.7
Social Changes / wPolityce.pl,2022-03-01,38.0,27.0,7.0,4.0,8.0,11.0,2.0
Research Partner,2022-02-28,32.6,25.7,7.0,3.4,7.3,11.0,10.7
Social Changes / wPolityce.pl,2022-02-21,33.0,28.0,8.0,4.0,10.0,12.0,2.0
United Surveys / WP.pl,2022-02-18,32.2,26.9,7.1,5.2,9.0,9.4,10.2
Estymator / DoRzeczy.pl,2022-02-17,36.4,27.5,7.8,6.6,9.4,9.5,2.8
Pollster / SE.pl,2022-02-17,36.05,24.46,8.27,5.83,9.14,14.25,0.21
Kantar Public,2022-02-16,30.0,25.0,5.0,4.0,8.0,9.0,16.0
Social Changes / wPolityce.pl,2022-02-14,38.0,26.0,8.0,2.0,10.0,12.0,1.0
Research Partner,2022-02-14,31.1,23.7,8.8,5.8,8.3,9.9,10.0
IBRiS / Onet,2022-02-12,32.5,29.3,5.6,4.3,8.4,8.6,11.3
IBRiS / Onet,2022-02-12,32.7,28.0,6.3,4.1,7.7,8.1,13.1
CBOS,2022-02-10,30.0,17.0,3.0,2.0,7.0,11.0,28.0
Social Changes / wPolityce.pl,2022-02-07,31.0,26.0,10.0,4.0,12.0,12.0,2.0
IBSP / Stan Polityki,2022-02-07,34.63,26.34,7.54,3.47,8.96,14.88,4.18
United Surveys / WP.pl,2022-02-06,33.1,25.1,5.8,5.2,8.5,11.7,10.6
"IBRiS / ""Rz""",2022-02-06,31.1,26.7,6.6,5.2,6.9,11.1,12.4
Research Partner,2022-02-01,31.3,27.3,6.7,3.9,7.9,11.6,9.9
Social Changes / wPolityce.pl,2022-01-31,33.0,28.0,8.0,5.0,11.0,11.0,1.0
Social Changes / wPolityce.pl,2022-01-31,32.0,27.0,8.0,5.0,10.0,12.0,3.0
"United Surveys / DGP, RMF",2022-01-27,33.2,26.1,6.2,6.0,5.8,10.6,12.1
Kantar Public,2022-01-26,27.0,26.0,7.0,3.0,9.0,9.0,15.0
Social Changes / wPolityce.pl,2022-01-24,35.0,28.0,8.0,3.0,10.0,11.0,2.0
United Surveys / WP.pl,2022-01-21,32.3,27.2,7.0,6.5,6.8,11.2,9.0
Kantar / KO,2022-01-18,29.0,26.0,5.0,4.0,9.0,15.0,9.0
Research Partner,2022-01-17,31.7,23.9,8.0,2.0,9.0,11.1,13.1
Social Changes / wPolityce.pl,2022-01-17,34.0,27.0,10.0,3.0,11.0,12.0,1.0
IBRiS / Onet,2022-01-13,30.1,20.2,7.3,6.0,8.6,12.1,15.7
Pollster / SE.pl,2022-01-13,32.81,24.5,07.06,6.44,10.11,17.08,0.45
CBOS,2022-01-13,29.4,17.8,3.0,3.0,5.2,11.8,27.0
Social Changes / wPolityce.pl,2022-01-10,36.0,24.0,9.0,2.0,10.0,14.0,2.0
United Surveys / WP.pl,2022-01-07,33.0,25.1,8.2,7.6,8.0,11.0,7.2
Social Changes / wPolityce.pl,2022-01-02,38.0,24.0,7.0,2.0,12.0,13.0,1.0
Estymator / DoRzeczy.pl,2021-12-30,35.9,24.2,8.4,6.8,9.0,13.5,2.2
IPSOS / OKO.press,2021-12-30,33.0,26.0,6.0,5.0,10.0,13.0,7.0
Social Changes / wPolityce.pl,2021-12-20,36.0,25.0,8.0,3.0,11.0,13.0,0.0
"IBRiS / ""Rz.pl""",2021-12-18,30.8,24.1,7.8,5.9,6.3,10.1,15.0
United Surveys / WP.pl,2021-12-17,32.1,24.9,8.1,6.5,5.1,9.2,14.0
Research Partner,2021-12-13,35.3,22.4,7.6,1.4,8.2,11.8,11.3
Social Changes / wPolityce.pl,2021-12-13,38.0,24.0,7.0,2.0,11.0,14.0,2.0
Pollster / SE.pl,2021-12-12,36.38,25.81,6.18,4.38,10.7,14.55,0.46
Kantar / TVN,2021-12-12,31.0,24.0,6.0,6.0,7.0,14.0,8.0
Kantar / Polityka,2021-12-12,27.0,21.0,10.0,5.0,7.0,17.0,9.0
CBOS,2021-12-12,31.2,14.5,5.1,3.0,7.0,14.0,25.0
Kantar Public,2021-12-08,28.0,26.0,7.0,3.0,8.0,11.0,15.0
Social Changes / wPolityce.pl,2021-12-06,38.0,24.0,9.0,2.0,9.0,13.0,1.0
United Surveys / WP.pl,2021-12-03,32.1,23.7,7.8,5.7,6.7,10.6,13.4
Social Changes / wPolityce.pl,2021-11-29,38.0,25.0,9.0,2.0,10.0,12.0,2.0
Research Partner,2021-11-29,37.1,20.6,6.9,3.2,8.4,10.6,11.5
IBRiS / Onet,2021-11-27,32.0,22.1,7.0,6.4,7.1,11.8,13.7
Estymator / DoRzeczy.pl,2021-11-26,35.3,23.8,7.7,7.1,8.6,15.8,1.7
"IBRiS / ""Wydarzenia"" Polsat",2021-11-23,30.2,21.8,7.6,5.1,9.3,13.0,13.0
Pollster / SE.pl,2021-11-23,37.53,24.3,08.04,4.46,8.0,15.74,0.28
Social Changes / wPolityce.pl,2021-11-22,39.0,25.0,8.0,1.0,10.0,13.0,2.0
"IBRiS / ""Rz""",2021-11-20,30.2,21.2,8.4,4.6,6.1,13.2,16.3
"United Surveys / DGP, RMF",2021-11-19,31.0,22.1,7.0,5.8,6.5,12.3,15.2
United Surveys / WP.pl,2021-11-19,30.6,21.7,7.7,5.1,5.8,13.3,15.8
"Kantar Public / ""GW""",2021-11-18,30.0,24.0,8.0,4.0,9.0,14.0,10.0
Kantar Public,2021-11-17,29.0,24.0,7.0,4.0,5.0,10.0,11.0
Social Changes / wPolityce.pl,2021-11-15,41.0,23.0,7.0,1.0,11.0,13.0,1.0
CBOS,2021-11-14,29.3,17.9,4.9,2.0,5.5,12.0,27.0
Research Partner,2021-11-09,33.8,23.8,7.6,2.2,9.4,10.8,10.7
Social Changes / wPolityce.pl,2021-11-08,37.0,24.0,9.0,1.0,10.0,14.0,2.0
Estymator / DoRzeczy.pl,2021-11-06,37.6,24.6,9.1,5.7,8.2,12.8,2.0
United Surveys / WP.pl,2021-11-05,32.6,21.6,7.2,4.6,5.9,16.5,11.7
Social Changes / wPolityce.pl,2021-11-02,39.0,25.0,8.0,2.0,9.0,12.0,2.0
CBOS,2021-10-28,28.4,17.2,4.7,3.0,7.6,12.2,26.0
Pollster / SE.pl,2021-10-28,36.58,25.8,8.56,4.41,8.77,13.8,0.19
Social Changes / wPolityce.pl,2021-10-25,39.0,26.0,8.0,2.0,10.0,12.0,1.0
Research Partner,2021-10-25,35.0,23.3,7.0,3.0,7.7,11.3,10.3
"IBRiS / ""Rz.pl""",2021-10-23,35.8,24.5,9.4,4.6,5.1,13.5,7.1
United Surveys / WP.pl,2021-10-22,37.1,23.3,8.0,6.2,6.1,12.0,7.3
Social Changes / wPolityce.pl,2021-10-18,39.0,26.0,7.0,2.0,8.0,13.0,1.0
CBOS,2021-10-14,34.6,15.3,4.1,2.0,5.7,11.5,26.0
Kantar / TVN,2021-10-13,32.0,26.0,6.0,4.0,9.0,15.0,7.0
Kantar Public,2021-10-13,32.0,25.0,7.0,3.0,6.0,10.0,14.0
"United Surveys / DGP, RMF",2021-10-11,35.4,27.1,6.7,4.6,6.8,9.5,9.9
Research Partner,2021-10-11,36.2,21.0,6.7,1.6,9.4,11.5,11.8
Social Changes / wPolityce.pl,2021-10-11,40.0,26.0,7.0,2.0,7.0,12.0,2.0
United Surveys / WP.pl,2021-10-08,35.4,25.9,7.9,5.8,6.7,9.8,8.5
"IBRiS / ""Wydarzenia"" Polsat",2021-10-06,34.3,21.6,8.0,5.4,8.4,10.5,11.7
Social Changes / wPolityce.pl,2021-10-04,37.0,25.0,7.0,1.0,11.0,14.0,2.0
Social Changes / wPolityce.pl,2021-09-27,38.0,26.0,8.0,2.0,9.0,14.0,1.0
Research Partner,2021-09-27,35.2,22.4,7.4,2.0,8.6,11.1,11.4
"IBRiS / ""Rz.pl""",2021-09-25,34.1,23.4,7.1,5.0,5.9,12.0,12.5
United Surveys / WP.pl,2021-09-24,35.6,23.0,6.4,5.3,7.1,11.6,11.0
"IPSOS / ""GW"", OKO.press",2021-09-23,35.0,24.0,7.0,4.0,9.0,15.0,7.0
Social Changes / wPolityce.pl,2021-09-20,37.0,24.0,7.0,2.0,12.0,13.0,1.0
CBOS,2021-09-16,33.5,16.0,4.4,1.0,5.3,11.8,26.0
Pollster / SE.pl,2021-09-14,39.5,24.54,7.56,4.66,7.35,14.32,0.28
Social Changes / wPolityce.pl,2021-09-13,37.0,27.0,7.0,2.0,9.0,12.0,2.0
Social Changes / wPolityce.pl,2021-09-13,36.0,29.0,6.0,2.0,10.0,12.0,1.0
Pollster / Salon24.pl,2021-09-12,38.87,25.68,7.84,3.85,8.21,13.86,0.34
Estymator / DoRzeczy.pl,2021-09-11,40.2,24.1,9.0,3.9,8.8,10.9,0.5
Kantar / TVN,2021-09-11,30.0,24.0,5.0,3.0,8.0,14.0,15.0
United Surveys / WP.pl,2021-09-10,36.4,22.3,6.8,5.2,8.8,9.2,11.3
Kantar Public,2021-09-08,32.0,25.0,6.0,3.0,4.0,12.0,16.0
"IBRiS / ""Wydarzenia"" Polsat",2021-09-07,36.5,23.0,8.5,2.9,7.6,11.3,9.9
Social Changes / wPolityce.pl,2021-09-06,37.0,26.0,8.0,3.0,7.0,16.0,1.0
Research Partner,2021-09-06,30.5,22.0,7.2,0.8,8.5,17.9,11.2
IBRiS / Onet,2021-09-04,36.6,23.1,8.0,4.4,8.0,11.5,8.4
Pollster / Wiadomości TVP,2021-09-03,36.72,25.98,7.53,0.0,8.77,14.78,6.22
IBSP / Stan Polityki,2021-09-03,34.61,24.09,7.73,2.65,9.69,15.82,5.41
Social Changes / wPolityce.pl,2021-08-30,35.0,25.0,9.0,3.0,8.0,17.0,0.0
"IBRiS / ""Rz""",2021-08-28,35.3,25.7,9.3,4.0,6.4,10.1,9.2
"United Surveys / DGP, RMF",2021-08-27,37.1,25.0,9.0,4.5,8.1,8.4,7.9
United Surveys / WP.pl,2021-08-27,36.3,25.5,8.0,4.4,8.0,10.6,6.4
Pollster / Wiadomości TVP,2021-08-27,37.0,24.0,7.0,0.0,10.0,16.0,6.0
CBOS,2021-08-26,34.0,18.0,5.0,3.0,5.0,11.0,23.0
"IBRiS / ""Wydarzenia"" Polsat",2021-08-24,35.5,24.3,7.8,4.2,7.4,11.7,9.1
Social Changes / wPolityce.pl,2021-08-23,33.0,26.0,8.0,2.0,9.0,17.0,2.0
Pollster / TVP Info,2021-08-16,34.0,26.0,8.0,4.0,8.0,18.0,0.2
Research Partner,2021-08-16,30.6,22.2,6.9,2.0,7.2,17.0,12.8
Research Partner,2021-08-16,27.4,22.7,5.8,1.8,5.9,14.5,21.0
Social Changes / wPolityce.pl,2021-08-16,33.0,26.0,7.0,2.0,9.0,18.0,1.0
Kantar,2021-08-13,26.0,26.0,10.0,3.0,7.0,17.0,7.0
Kantar,2021-08-11,35.0,22.0,7.0,4.0,6.0,9.0,15.0
ewybory.eu,2021-08-10,31.38,29.72,14.1,5.29,10.65,7.83,01.03
Social Changes / wPolityce.pl,2021-08-09,34.0,26.0,8.0,2.0,8.0,17.0,1.0
Social Changes / wPolityce.pl,2021-08-02,34.0,23.0,7.0,3.0,8.0,21.0,1.0
Research Partner,2021-08-02,30.8,22.0,6.8,1.7,6.9,15.4,13.6
Pollster / SE.pl,2021-08-02,34.48,25.78,8.27,03.07,9.68,16.29,0.28
"IBRiS / ""Rz""",2021-08-01,33.6,27.3,9.1,5.0,5.0,11.1,9.0
United Surveys / WP.pl,2021-07-30,34.2,27.6,6.9,5.0,5.9,10.0,10.4
Social Changes / wPolityce.pl,2021-07-26,36.0,24.0,7.0,2.0,9.0,19.0,1.0
Social Changes / wPolityce.pl,2021-07-26,35.0,27.0,7.0,2.0,6.0,19.0,1.0
IBRiS / Onet,2021-07-25,33.6,26.2,7.1,5.0,5.4,10.9,11.8
IBSP,2021-07-23,34.85,26.24,6.38,2.32,7.37,19.76,03.08
Research Partner,2021-07-19,30.2,24.1,7.5,1.8,5.9,17.4,11.4
Social Changes / wPolityce.pl,2021-07-19,34.0,25.0,8.0,2.0,9.0,19.0,1.0
Kantar,2021-07-14,30.0,23.0,5.0,4.0,5.0,15.0,16.0
Social Changes / wPolityce.pl,2021-07-12,34.0,24.0,9.0,4.0,7.0,20.0,1.0
Kantar / TVN,2021-07-11,29.0,24.0,7.0,3.0,7.0,15.0,14.0
CBOS,2021-07-11,36.0,16.0,5.0,3.0,5.0,13.0,21.0
Pollster / SE.pl,2021-07-07,35.25,24.3,6.45,4.3,7.67,18.75,0.68
United Surveys / WP.pl,2021-07-07,35.2,21.3,7.8,5.1,5.6,16.5,8.5
"IBRiS / ""Wydarzenia"" Polsat",2021-07-06,34.0,20.0,8.2,5.3,7.0,15.5,10.0
Research Partner,2021-07-05,30.6,18.6,6.4,1.9,8.2,19.1,12.1
"United Surveys / DGP, RMF",2021-07-05,33.0,18.6,7.8,6.0,7.0,16.6,11.0
Social Changes / wPolityce.pl,2021-07-05,33.0,21.0,9.0,2.0,8.0,24.0,1.0
Opinia24 / RMF FM,2021-07-05,29.0,23.0,8.0,4.0,10.0,17.0,8.0
"IBRiS / ""Wydarzenia"" Polsat",2021-06-30,33.5,16.9,9.5,6.6,8.4,17.1,8.2
Social Changes / wPolityce.pl,2021-06-28,34.0,17.0,10.0,3.0,10.0,23.0,1.0
Pollster / SE.pl,2021-06-27,35.79,20.96,6.32,4.84,7.99,23.04,01.06
IBRiS / Onet,2021-06-26,33.5,16.1,8.3,5.4,9.3,17.9,9.5
Kantar / TVN,2021-06-25,30.0,19.0,6.0,4.0,8.0,21.0,11.0
Research Partner,2021-06-21,31.2,17.4,7.0,3.1,6.1,22.5,10.8
Social Changes / wPolityce.pl,2021-06-21,33.0,19.0,9.0,4.0,7.0,25.0,1.0
Social Changes / wPolityce.pl,2021-06-21,32.0,25.0,8.0,3.0,6.0,22.0,1.0
"IBRiS / ""Rz""",2021-06-20,34.7,13.0,9.1,5.1,10.3,20.2,7.7
United Surveys / WP.pl,2021-06-19,34.2,14.7,10.4,5.3,7.1,19.0,9.3
CBOS,2021-06-17,35.6,11.3,5.3,2.0,5.5,16.1,22.0
Kantar,2021-06-16,30.0,20.0,7.0,4.0,6.0,14.0,17.0
Social Changes / wPolityce.pl,2021-06-14,35.0,17.0,10.0,3.0,7.0,25.0,1.0
IBRiS / ZET,2021-06-11,32.4,13.0,7.6,4.7,8.1,19.8,14.4
Research Partner,2021-06-07,31.1,16.0,6.8,2.7,6.1,24.8,9.9
Pollster / SE.pl,2021-06-06,36.18,18.44,07.01,4.92,9.7,23.02,0.73
Social Changes / wPolityce.pl,2021-06-06,34.0,16.0,8.0,3.0,9.0,26.0,1.0
United Surveys / WP.pl,2021-06-04,34.4,14.0,8.1,4.7,7.6,23.0,8.2
IBRiS / Onet,2021-05-31,34.9,14.1,8.4,5.0,4.4,20.2,12.9
Social Changes / wPolityce.pl,2021-05-31,35.0,15.0,9.0,3.0,7.0,27.0,1.0
IBRiS / Interia,2021-05-28,40.3,15.9,9.4,4.4,7.3,22.9,0.0
"United Surveys / DGP, RMF",2021-05-25,33.7,13.0,8.0,4.3,8.2,22.7,9.9
Social Changes / wPolityce.pl,2021-05-24,34.0,17.0,9.0,2.0,10.0,24.0,1.0
"IBRiS / ""Rz""",2021-05-22,33.6,14.6,10.4,4.9,6.9,18.6,11.0
United Surveys / WP.pl,2021-05-21,34.8,13.2,9.1,5.3,5.7,22.1,9.8
Estymator / DoRzeczy.pl,2021-05-21,38.4,14.6,10.8,4.7,7.1,22.2,0.3
Pollster / SE.pl,2021-05-20,38.1,19.2,7.26,4.95,8.72,20.9,0.87
PGB Opinium,2021-05-20,31.7,14.7,8.1,3.5,8.7,23.4,9.2
"IBRiS / ""Wydarzenia"" Polsat",2021-05-19,34.4,14.2,9.5,5.2,6.9,20.4,9.4
Social Changes / wPolityce.pl,2021-05-17,33.0,16.0,9.0,3.0,12.0,23.0,1.0
Research Partner,2021-05-17,30.9,16.6,6.4,1.7,7.7,20.5,14.2
UCE RESEARCH / WP,2021-05-16,35.66,17.34,5.6,3.0,9.74,20.53,1.7
CBOS,2021-05-16,32.8,11.0,5.5,2.0,6.1,17.1,19.0
IBSP,2021-05-14,30.8,15.05,9.98,2.4,11.54,27.68,2.61
Kantar,2021-05-12,33.0,21.0,6.0,3.0,5.0,17.0,13.0
Kantar,2021-05-11,32.0,19.0,10.0,4.0,11.0,21.0,0.0
"United Surveys / DGP, RMF",2021-05-11,33.5,12.1,9.6,4.3,8.6,21.9,9.9
"United Surveys / DGP, RMF",2021-05-11,34.0,15.7,9.1,6.4,6.9,19.6,8.4
Social Changes / wPolityce.pl,2021-05-10,34.0,18.0,7.0,2.0,10.0,25.0,2.0
IBRiS / Onet,2021-05-09,35.1,14.7,9.1,5.6,5.8,19.9,9.8
"IBRiS / ""Wydarzenia"" Polsat",2021-05-05,33.9,15.3,10.7,4.5,9.0,18.9,7.7
United Surveys / WP.pl,2021-05-04,35.4,15.1,10.4,5.1,5.7,20.4,7.9
Social Changes / wPolityce.pl,2021-05-04,34.0,16.0,10.0,2.0,10.0,23.0,2.0
Research Partner,2021-05-03,27.9,17.2,7.2,1.5,7.7,23.6,13.0
Kantar / TVN,2021-04-28,30.0,21.0,9.0,3.0,7.0,20.0,8.0
IPSOS / OKO.press,2021-04-28,33.0,18.0,9.0,2.0,11.0,22.0,5.0
Social Changes / wPolityce.pl,2021-04-26,32.0,20.0,10.0,2.0,8.0,24.0,1.0
IBRiS / Onet,2021-04-25,33.1,16.1,10.0,4.4,7.7,17.1,11.6
Pollster / SE.pl,2021-04-20,35.77,17.34,10.08,5.14,8.64,21.91,1.12
"IBRiS / ""Wydarzenia"" Polsat",2021-04-20,32.6,16.4,11.5,4.9,8.2,15.7,10.7
Social Changes / wPolityce.pl,2021-04-19,34.0,16.0,10.0,2.0,8.0,26.0,1.0
Research Partner,2021-04-19,29.4,17.0,9.2,2.4,8.4,21.1,10.3
CBOS,2021-04-18,32.0,14.2,5.1,1.3,4.9,15.6,20.9
United Surveys / WP.pl,2021-04-16,32.2,17.0,7.7,4.9,7.0,17.3,14.0
Estymator / DoRzeczy.pl,2021-04-16,35.9,18.1,10.7,5.2,6.8,20.9,0.3
Kantar,2021-04-14,31.0,22.0,9.0,3.0,6.0,16.0,11.0
Social Changes / wPolityce.pl,2021-04-12,33.0,18.0,10.0,2.0,9.0,24.0,1.0
"IBRiS / ""Rz""",2021-04-10,31.0,15.2,8.1,5.1,7.2,19.1,14.3
"United Surveys / DGP, RMF",2021-04-09,33.3,17.9,8.9,4.9,4.8,19.0,11.2
IBSP,2021-04-09,30.36,20.32,10.81,2.0,8.77,25.05,2.69
Research Partner,2021-04-06,27.1,17.5,7.3,2.3,7.6,23.8,11.6
Social Changes / wPolityce.pl,2021-04-05,34.0,24.0,14.0,3.0,8.0,NA,14.0
Social Changes / wPolityce.pl,2021-04-05,30.0,20.0,13.0,2.0,8.0,22.0,2.0
Social Changes / wPolityce.pl,2021-03-29,32.0,22.0,13.0,3.0,11.0,NA,15.0
Social Changes / wPolityce.pl,2021-03-29,28.0,17.0,12.0,5.0,10.0,22.0,2.0
IBRiS / Onet,2021-03-28,31.0,17.3,9.1,5.0,7.3,17.2,13.1
Social Changes / wPolityce.pl,2021-03-22,32.0,23.0,12.0,4.0,10.0,NA,15.0
Social Changes / wPolityce.pl,2021-03-22,29.0,18.0,10.0,3.0,10.0,24.0,2.0
Research Partner,2021-03-22,29.8,15.7,8.7,2.3,8.7,22.1,10.9
United Surveys / WP.pl,2021-03-19,33.2,18.5,9.3,6.3,6.5,13.2,12.9
Kantar / Polityka,2021-03-19,28.0,17.0,10.0,2.0,8.0,25.0,10.0
"Kantar / ""GW"", OKO.press",2021-03-18,26.0,16.0,8.0,3.0,9.0,23.0,16.0
Social Changes / wPolityce.pl,2021-03-15,33.0,24.0,13.0,3.0,10.0,NA,14.0
Social Changes / wPolityce.pl,2021-03-15,31.0,18.0,10.0,2.0,9.0,25.0,2.0
Estymator / DoRzeczy.pl,2021-03-12,37.7,17.1,11.6,5.9,6.8,18.3,0.2
PGB Opinium,2021-03-12,30.0,18.8,8.6,4.1,8.3,21.6,7.48
CBOS,2021-03-11,33.3,11.3,6.0,2.4,6.7,17.2,22.3
Kantar,2021-03-10,30.0,24.0,8.0,3.0,5.0,14.0,14.0
Research Partner,2021-03-08,26.9,17.9,10.0,1.1,8.0,22.1,11.4
Social Changes / wPolityce.pl,2021-03-08,32.0,24.0,13.0,4.0,10.0,NA,13.0
Social Changes / wPolityce.pl,2021-03-08,31.0,20.0,12.0,3.0,9.0,20.0,2.0
Opinia24 / RMF,2021-03-07,29.0,20.0,9.0,2.0,8.0,24.0,7.0
"IBRiS / ""Rz""",2021-03-06,32.3,18.1,7.4,6.0,6.2,17.9,12.1
United Surveys / WP.pl,2021-03-05,33.0,17.5,9.6,5.3,5.3,17.7,11.6
Pollster / SE.pl,2021-03-04,39.86,20.32,9.79,4.8,6.95,17.32,0.96
Social Changes / wPolityce.pl,2021-03-01,30.0,28.0,12.0,3.0,10.0,NA,13.0
Social Changes / wPolityce.pl,2021-03-01,28.0,22.0,11.0,3.0,9.0,21.0,2.0
IBRiS / Onet,2021-02-28,32.9,18.2,10.1,5.9,5.0,17.3,10.6
IBSP,2021-02-26,26.96,18.85,9.34,3.23,6.96,31.26,3.4
Estymator / DoRzeczy.pl,2021-02-26,37.6,19.2,11.4,5.5,6.9,17.1,0.2
Social Changes / wPolityce.pl,2021-02-22,33.0,26.0,13.0,3.0,10.0,NA,11.0
Social Changes / wPolityce.pl,2021-02-22,30.0,19.0,12.0,2.0,8.0,23.0,2.0
United Surveys / WP.pl,2021-02-19,33.5,19.3,11.4,5.8,6.0,14.6,9.3
PGB Opinium,2021-02-16,31.2,19.0,7.5,4.9,8.2,20.6,8.0
Social Changes / wPolityce.pl,2021-02-15,33.0,24.0,15.0,3.0,9.0,NA,13.0
Social Changes / wPolityce.pl,2021-02-15,30.0,17.0,12.0,3.0,10.0,23.0,2.0
Estymator / DoRzeczy.pl,2021-02-13,37.4,21.5,9.7,5.4,7.1,16.2,0.3
IPSOS / OKO.press,2021-02-12,29.0,20.0,10.0,4.0,10.0,20.0,7.0
CBOS,2021-02-11,33.2,12.4,4.4,2.0,5.5,19.2,22.3
Kantar,2021-02-10,31.0,18.0,7.0,4.0,7.0,15.0,17.0
Social Changes / wPolityce.pl,2021-02-08,30.0,25.0,11.0,4.0,10.0,NA,14.0
Social Changes / wPolityce.pl,2021-02-08,29.0,20.0,10.0,2.0,9.0,23.0,2.0
"IBRiS / ""Rz""",2021-02-06,32.0,19.0,8.0,5.0,6.0,18.0,12.0
United Surveys / WP.pl,2021-02-05,33.5,19.7,8.0,5.6,7.0,15.0,11.2
Kantar,2021-02-03,29.0,23.0,6.0,4.0,5.0,14.0,17.0
Social Changes / wPolityce.pl,2021-02-01,34.0,23.0,12.0,2.0,9.0,NA,16.0
Social Changes / wPolityce.pl,2021-02-01,31.0,17.0,9.0,2.0,9.0,27.0,2.0
Pollster / SE.pl,2021-02-01,41.42,23.21,9.73,3.59,5.64,15.25,0.0
IBRiS / Onet,2021-01-31,31.1,19.2,8.9,5.5,7.4,16.9,11.1
Estymator / DoRzeczy.pl,2021-01-29,38.4,21.8,11.1,5.2,6.7,14.6,0.2
IBSP,2021-01-26,26.96,20.24,7.56,2.61,10.99,27.7,3.94
Social Changes / wPolityce.pl,2021-01-25,31.0,26.0,12.0,5.0,10.0,NA,12.0
Social Changes / wPolityce.pl,2021-01-25,29.0,21.0,9.0,4.0,8.0,24.0,2.0
IBRiS / WP.pl,2021-01-23,30.0,19.6,9.5,5.0,7.5,17.5,10.9
"United Surveys / DGP, RMF",2021-01-22,32.5,20.9,10.2,3.6,4.6,16.2,12.0
PGB Opinium,2021-01-21,34.7,20.8,8.6,5.5,6.5,14.3,8.8
Social Changes / wPolityce.pl,2021-01-18,33.0,29.0,12.0,3.0,11.0,NA,8.0
Social Changes / wPolityce.pl,2021-01-18,30.0,22.0,10.0,2.0,10.0,22.0,1.0
Estymator / DoRzeczy.pl,2021-01-15,39.6,22.1,10.2,6.6,6.0,12.9,0.3
CBOS,2021-01-14,35.2,13.7,5.0,2.0,5.3,18.2,19.6
Social Changes / wPolityce.pl,2021-01-11,35.0,27.0,12.0,3.0,10.0,NA,9.0
Social Changes / wPolityce.pl,2021-01-11,32.0,23.0,9.0,2.0,8.0,22.0,1.0
"IBRiS / ""Rz""",2021-01-09,33.2,20.6,7.7,5.2,6.4,12.6,14.3
Social Changes / wPolityce.pl,2021-01-05,33.0,29.0,12.0,4.0,9.0,NA,9.0
Social Changes / wPolityce.pl,2021-01-05,31.0,24.0,10.0,2.0,7.0,19.0,3.0
Estymator / DoRzeczy.pl,2020-12-29,39.2,23.6,10.9,7.4,4.8,12.9,1.2
Social Changes / wPolityce.pl,2020-12-28,35.0,25.0,13.0,3.0,9.0,NA,10.0
Social Changes / wPolityce.pl,2020-12-28,33.0,19.0,11.0,3.0,8.0,20.0,2.0
IBRiS / WP.pl,2020-12-22,33.2,23.6,8.9,6.0,4.5,9.1,14.7
Social Changes / wPolityce.pl,2020-12-21,33.0,26.0,14.0,2.0,9.0,NA,11.0
Social Changes / wPolityce.pl,2020-12-21,31.0,20.0,11.0,4.0,10.0,20.0,2.0
IBRiS / Onet.pl,2020-12-16,33.0,22.3,7.1,6.1,4.9,11.0,15.5
Social Changes / wPolityce.pl,2020-12-14,36.0,26.0,12.0,4.0,10.0,NA,9.0
Social Changes / wPolityce.pl,2020-12-14,34.0,20.0,10.0,4.0,8.0,19.0,2.0
Pollster / SE.pl,2020-12-12,40.05,26.29,8.52,5.27,06.03,12.44,1.4
IBRiS / WP.pl,2020-12-12,34.0,23.4,9.7,6.2,4.0,14.4,8.3
Estymator / DoRzeczy.pl,2020-12-11,38.3,24.9,10.9,5.7,4.4,13.2,0.2
PGB Opinium,2020-12-10,33.7,23.8,9.0,4.8,5.9,13.6,8.6
CBOS,2020-12-10,31.1,18.1,3.9,2.0,5.1,15.6,22.2
Kantar Public,2020-12-09,25.0,25.0,8.0,5.0,6.0,13.0,16.0
Social Changes / wPolityce.pl,2020-12-08,31.0,27.0,13.0,3.0,10.0,NA,13.0
Social Changes / wPolityce.pl,2020-12-08,28.0,22.0,11.0,3.0,10.0,22.0,1.0
Social Changes / wPolityce.pl,2020-11-30,32.0,28.0,14.0,3.0,11.0,NA,12.0
Social Changes / wPolityce.pl,2020-11-30,29.0,21.0,12.0,3.0,10.0,23.0,2.0
"United Surveys / DGP, RMF",2020-11-28,33.6,23.0,9.8,6.1,4.7,11.8,11.0
IBRiS / WP.pl,2020-11-27,32.7,22.4,10.1,5.8,5.4,12.6,11.0
Estymator / DoRzeczy.pl,2020-11-27,36.9,27.4,9.6,4.8,5.2,15.8,0.3
IPSOS / OKO.press,2020-11-25,29.0,23.0,10.0,4.0,9.0,20.0,5.0
Kantar Public / TVN,2020-11-23,27.0,25.0,8.0,4.0,7.0,14.0,15.0
Social Changes / wPolityce.pl,2020-11-23,33.0,26.0,13.0,5.0,10.0,NA,13.0
Social Changes / wPolityce.pl,2020-11-23,32.0,21.0,10.0,4.0,9.0,21.0,3.0
Social Changes / wPolityce.pl,2020-11-16,32.0,31.0,12.0,6.0,8.0,NA,11.0
Social Changes / wPolityce.pl,2020-11-16,28.0,24.0,10.0,6.0,7.0,22.0,3.0
CBOS,2020-11-15,29.8,16.3,6.0,2.5,6.8,16.3,22.3
IBRiS / WP.pl,2020-11-14,33.0,24.1,8.4,5.0,2.3,13.1,14.0
Estymator / DoRzeczy.pl,2020-11-13,36.8,29.3,9.4,4.6,6.6,12.7,0.6
Kantar Public,2020-11-12,30.0,24.0,6.0,6.0,6.0,13.0,15.0
Social Changes / wPolityce.pl,2020-11-09,32.0,29.0,15.0,7.0,9.0,NA,8.0
Social Changes / wPolityce.pl,2020-11-09,31.0,21.0,12.0,5.0,8.0,22.0,1.0
IBRiS / Onet,2020-11-03,28.7,24.7,7.0,5.1,5.1,11.3,18.0
Social Changes / wPolityce.pl,2020-11-02,30.0,27.0,14.0,6.0,10.0,NA,13.0
United Surveys / RMF,2020-10-31,30.9,25.3,6.0,2.7,4.9,14.7,15.4
"IBRiS / ""Rz""",2020-10-31,28.0,23.1,6.2,2.8,4.4,14.9,20.6
IBRiS / WP.pl,2020-10-30,29.0,24.0,6.9,3.3,5.3,14.9,16.6
Estymator / DoRzeczy.pl,2020-10-30,33.4,26.8,10.4,4.1,8.7,13.0,3.6
CBOS,2020-10-29,31.3,18.1,6.9,3.7,8.1,9.7,22.2
Pollster / SE.pl,2020-10-28,37.83,31.57,9.76,5.12,5.98,8.35,1.39
PGB Opinium,2020-10-28,32.6,25.5,8.2,4.1,9.3,12.8,7.5
"Kantar Public / ""GW""",2020-10-27,26.0,24.0,8.0,3.0,8.0,18.0,13.0
Social Changes / wPolityce.pl,2020-10-26,37.0,26.0,13.0,6.0,11.0,NA,7.0
Estymator / DoRzeczy.pl,2020-10-23,39.8,27.0,7.0,4.3,9.2,12.2,0.5
IBRiS / Onet.pl,2020-10-20,37.0,26.8,7.5,3.8,7.2,8.7,9.0
Social Changes / wPolityce.pl,2020-10-19,39.0,26.0,11.0,7.0,12.0,NA,5.0
IBRiS / WP.pl,2020-10-16,36.1,28.2,6.4,2.5,7.8,9.4,9.6
Social Changes / wPolityce.pl,2020-10-12,36.0,27.0,14.0,5.0,12.0,NA,6.0
CBOS,2020-10-08,40.4,15.7,5.3,3.1,8.1,7.7,19.7
Kantar Public,2020-10-07,36.0,28.0,7.0,4.0,5.0,9.0,9.0
Social Changes / wPolityce.pl,2020-10-05,36.0,20.0,13.0,4.0,10.0,15.0,2.0
Social Changes / wPolityce.pl,2020-10-05,38.0,24.0,14.0,6.0,11.0,NA,7.0
IBRiS / WP.pl,2020-10-02,41.6,22.1,7.2,4.0,7.5,9.0,8.5
Social Changes / wPolityce.pl,2020-09-28,42.0,25.0,11.0,7.0,9.0,NA,6.0
Estymator / DoRzeczy.pl,2020-09-26,42.9,25.6,6.4,5.2,8.2,11.4,0.3
Estymator / DoRzeczy.pl,2020-09-26,43.6,29.2,8.9,6.8,9.8,NA,1.7
Social Changes / wPolityce.pl,2020-09-21,40.0,27.0,15.0,5.0,9.0,NA,4.0
Social Changes / wPolityce.pl,2020-09-21,37.0,20.0,12.0,5.0,10.0,15.0,1.0
United Surveys / RMF,2020-09-19,40.5,23.3,6.0,5.0,6.7,9.1,9.4
IBRiS / WP.pl,2020-09-18,40.9,22.4,5.4,3.2,8.1,11.2,8.8
CBOS,2020-09-17,40.7,22.0,5.1,2.7,7.6,NA,21.9
Social Changes / wPolityce.pl,2020-09-14,42.0,26.0,10.0,7.0,8.0,NA,7.0
Kantar Public,2020-09-09,39.0,26.0,4.0,4.0,6.0,11.0,10.0
Social Changes / wPolityce.pl,2020-09-07,42.0,25.0,12.0,6.0,9.0,NA,6.0
IBRiS / WP.pl,2020-09-05,41.3,28.6,6.7,5.9,8.4,NA,9.1
Social Changes / wPolityce.pl,2020-08-31,42.0,26.0,11.0,7.0,8.0,NA,6.0
Social Changes / wPolityce.pl,2020-08-24,41.0,25.0,13.0,6.0,0.0,9.0,6.0
IBRiS / WP.pl,2020-08-22,38.6,23.8,5.1,5.4,7.3,8.4,11.4
Social Changes / wPolityce.pl,2020-08-17,43.0,26.0,11.0,6.0,9.0,NA,5.0
Estymator / DoRzeczy.pl,2020-08-14,44.0,29.8,9.6,6.9,8.5,NA,1.2
Estymator / DoRzeczy.pl,2020-08-14,42.1,25.9,7.3,5.2,6.8,12.4,0.3
Social Changes / wPolityce.pl,2020-08-10,43.0,29.0,11.0,4.0,8.0,NA,5.0
IBRiS / WP.pl,2020-08-07,36.0,31.0,9.1,5.0,6.7,NA,12.2
IBRiS / WP.pl,2020-08-07,34.3,27.1,5.6,2.8,6.1,11.7,12.3
Social Changes / wPolityce.pl,2020-08-03,41.0,30.0,11.0,6.0,8.0,NA,4.0
Social Changes / wPolityce.pl,2020-08-03,39.0,21.0,9.0,3.0,7.0,20.0,1.0
IBRiS / KO,2020-07-29,36.0,33.0,6.0,5.0,6.0,NA,14.0
Social Changes / wPolityce.pl,2020-07-27,43.0,29.0,8.0,7.0,9.0,NA,4.0
IBRiS / WP.pl,2020-07-25,39.2,26.5,9.8,5.1,9.3,NA,10.1
IBRiS / WP.pl,2020-07-25,38.8,25.6,4.8,2.0,6.6,11.8,10.4
Estymator / DoRzeczy.pl,2020-07-24,43.9,30.8,9.4,6.5,8.8,NA,0.6
Estymator / DoRzeczy.pl,2020-07-24,41.5,24.7,8.7,5.4,7.9,11.4,0.4
Social Changes / wPolityce.pl,2020-07-20,42.0,28.0,10.0,5.0,11.0,NA,4.0
Social Changes / wPolityce.pl,2020-07-20,39.0,19.0,6.0,3.0,9.0,23.0,1.0
United Surveys / RMF,2020-07-18,37.5,29.1,8.0,5.4,8.7,NA,11.3
IBRiS / Onet,2020-07-18,39.7,28.1,9.9,5.8,8.0,NA,8.6
Pollster / SE.pl,2020-07-09,41.4,23.02,9.98,4.24,8.54,12.12,0.7
CBOS,2020-07-09,42.3,23.9,5.7,3.2,7.2,NA,17.7
IBRiS / Onet,2020-07-04,38.0,23.6,7.3,5.2,7.3,11.9,6.8
Social Changes / wPolityce.pl,2020-06-27,42.0,25.0,14.0,8.0,9.0,NA,2.0
Social Changes / wPolityce.pl,2020-06-27,41.0,20.0,9.0,5.0,6.0,18.0,1.0
IBSP,2020-06-26,43.85,30.94,8.88,6.15,9.75,NA,0.43
CBOS,2020-06-25,44.2,23.9,6.6,4.1,5.6,NA,15.6
IPSOS / OKO.press,2020-06-23,35.0,23.0,9.0,8.0,10.0,NA,16.0
Social Changes / wPolityce.pl,2020-06-23,40.0,30.0,13.0,7.0,8.0,NA,2.0
Social Changes / wPolityce.pl,2020-06-23,38.0,20.0,11.0,4.0,7.0,NA,1.0
Estymator / DoRzeczy.pl,2020-06-19,42.8,28.4,9.6,10.4,7.5,NA,0.3
Pollster / SE.pl,2020-06-17,41.3,29.6,10.7,9.1,8.8,NA,0.5
IPSOS / OKO.press,2020-06-16,37.0,24.0,10.0,6.0,10.0,NA,13.0
Social Changes / wPolityce.pl,2020-06-16,39.0,28.0,13.0,9.0,8.0,NA,3.0
Pollster / SE.pl,2020-06-10,42.2,26.5,11.4,8.9,9.7,NA,1.3
Kantar Public,2020-06-10,37.0,31.0,7.0,7.0,7.0,NA,10.0
Social Changes / wPolityce.pl,2020-06-09,42.0,26.0,13.0,9.0,8.0,NA,2.0
Kantar Public / PO,2020-06-08,36.0,29.0,8.0,5.0,10.0,NA,12.0
Estymator / DoRzeczy.pl,2020-06-04,42.6,27.4,10.1,11.4,7.2,NA,1.3
CBOS,2020-06-04,46.4,19.7,5.1,5.0,5.8,NA,18.0
Social Changes / wPolityce.pl,2020-06-02,43.0,24.0,13.0,8.0,9.0,NA,3.0
"IBRiS / ""Rz""",2020-05-29,41.0,24.3,9.0,11.2,7.5,NA,7.0
Pollster / SE.pl,2020-05-27,39.9,26.0,14.1,9.4,9.5,NA,1.1
Social Changes / wPolityce.pl,2020-05-25,42.0,24.0,14.0,9.0,9.0,NA,2.0
IBRiS / WP.pl,2020-05-23,40.3,23.4,8.1,13.4,6.6,NA,8.2
Estymator / DoRzeczy.pl,2020-05-22,41.9,26.1,11.6,11.9,6.6,NA,1.9
Kantar Public,2020-05-19,37.0,23.0,8.0,7.0,11.0,NA,14.0
Social Changes / wPolityce.pl,2020-05-18,47.0,21.0,14.0,8.0,7.0,NA,3.0
Pollster / SE.pl,2020-05-17,38.5,24.5,13.6,12.6,9.0,NA,1.8
Estymator / DoRzeczy.pl,2020-05-15,45.8,17.3,12.8,14.1,8.9,NA,1.1
Estymator / DoRzeczy.pl,2020-05-15,44.1,13.4,10.2,12.9,8.8,NA,0.0
Kantar Public / KO,2020-05-14,41.1,29.7,10.3,8.0,9.7,NA,1.2
Social Changes / wPolityce.pl,2020-05-14,47.0,18.0,12.0,11.0,9.0,NA,3.0
IBRiS / Onet,2020-05-09,37.7,15.6,8.2,12.8,8.7,NA,17.0
Kantar Public / KO,2020-05-08,39.3,28.5,13.0,9.4,8.9,NA,0.9
Social Changes / wPolityce.pl,2020-05-07,52.0,17.0,12.0,8.0,10.0,NA,1.0
Pollster / SE.pl,2020-05-04,40.2,23.7,14.7,11.0,9.4,NA,1.0
IPSOS / OKO.press,2020-04-29,38.0,16.0,10.0,8.0,8.0,NA,20.0
Social Changes / wPolityce.pl,2020-04-27,52.0,17.0,12.0,8.0,9.0,NA,2.0
Estymator / DoRzeczy.pl,2020-04-24,42.7,19.7,14.4,15.8,7.2,NA,0.2
Social Changes / wPolityce.pl,2020-04-20,53.0,17.0,12.0,7.0,10.0,NA,1.0
Kantar Public,2020-04-17,36.0,21.0,11.0,12.0,8.0,NA,12.0
Social Changes / wPolityce.pl,2020-04-13,52.0,15.0,11.0,8.0,11.0,NA,3.0
Estymator / DoRzeczy.pl,2020-04-09,45.4,20.4,15.9,12.6,5.4,NA,0.3
Pollster / SE.pl,2020-04-07,44.0,22.4,15.7,8.7,7.7,NA,1.5
Social Changes / wPolityce.pl,2020-04-06,49.0,18.0,14.0,10.0,9.0,NA,0.0
IBSP / wp.pl,2020-04-02,42.0,27.1,12.5,9.6,8.7,NA,0.1
Social Changes / wPolityce.pl,2020-03-30,51.0,21.0,12.0,7.0,8.0,NA,1.0
Estymator / DoRzeczy.pl,2020-03-26,44.3,22.9,15.0,12.3,5.2,NA,0.3
Social Changes / wPolityce.pl,2020-03-23,44.0,24.0,16.0,8.0,8.0,NA,0.0
Pollster / SE.pl,2020-03-18,41.9,23.8,15.4,10.2,8.2,NA,0.5
Social Changes / wPolityce.pl,2020-03-17,40.0,26.0,17.0,10.0,7.0,NA,0.0
CBOS,2020-03-15,49.1,20.6,7.7,7.0,6.9,NA,8.7
Estymator / DoRzeczy.pl,2020-03-13,42.0,25.3,15.2,10.3,6.5,NA,0.7
IBSP / wp.pl,2020-03-13,47.6,21.9,12.4,8.1,9.8,NA,0.2
Kantar Public,2020-03-11,41.0,28.0,10.0,7.0,5.0,NA,9.0
Social Changes / wPolityce.pl,2020-03-10,45.0,24.0,15.0,9.0,7.0,NA,0.0
Social Changes / wPolityce.pl,2020-03-02,41.0,26.0,18.0,7.0,8.0,NA,0.0
Estymator / DoRzeczy.pl,2020-02-28,41.7,28.6,13.4,9.6,6.2,NA,0.5
Pollster / SE.pl,2020-02-26,41.4,25.1,14.4,9.8,8.3,NA,1.0
Social Changes / wPolityce.pl,2020-02-24,41.0,25.0,16.0,8.0,9.0,NA,1.0
IPSOS / OKO.press,2020-02-22,38.0,26.0,13.0,7.0,8.0,NA,8.0
IBSP / wp.pl,2020-02-20,38.4,30.9,13.4,7.9,9.0,NA,0.4
Social Changes / wPolityce.pl,2020-02-18,39.0,25.0,16.0,11.0,9.0,NA,0.0
CBOS,2020-02-16,44.0,24.0,9.0,5.0,6.0,NA,12.0
Estymator / DoRzeczy.pl,2020-02-13,40.6,29.8,13.2,9.3,6.4,NA,0.7
Kantar Public,2020-02-12,41.0,26.0,10.0,7.0,4.0,NA,12.0
Social Changes / wPolityce.pl,2020-02-11,42.0,25.0,15.0,8.0,8.0,NA,2.0
"IBRiS / ""Rz""",2020-02-08,35.9,27.2,15.6,7.3,6.3,NA,7.7
Social Changes / wPolityce.pl,2020-02-04,39.0,28.0,15.0,9.0,7.0,NA,2.0
Kantar Public / TVN,2020-01-30,35.0,30.0,13.0,7.0,7.0,NA,8.0
Social Changes / wPolityce.pl,2020-01-27,39.0,27.0,17.0,9.0,7.0,NA,1.0
IBRiS / RMF,2020-01-25,38.0,26.0,15.0,7.0,6.0,NA,8.0
Estymator / DoRzeczy.pl,2020-01-24,43.5,29.7,11.8,8.7,5.9,NA,0.4
Pollster / SE.pl,2020-01-23,40.5,27.4,14.7,8.3,8.5,NA,0.7
Social Changes / wPolityce.pl,2020-01-21,41.0,26.0,17.0,7.0,8.0,NA,1.0
IBSP / wp.pl,2020-01-16,37.8,31.3,13.3,7.4,9.7,NA,0.5
Pollster / SE.pl,2020-01-16,41.1,27.5,14.5,8.5,8.1,NA,0.3
CBOS,2020-01-16,44.0,23.0,10.0,7.0,5.0,NA,11.0
Kantar Public,2020-01-15,38.0,28.0,13.0,6.0,3.0,NA,12.0
Social Changes / wPolityce.pl,2020-01-14,42.0,23.0,18.0,8.0,8.0,NA,1.0
"IBRiS / ""Rz""",2020-01-11,37.3,26.9,12.9,4.7,5.0,NA,13.2
Estymator / DoRzeczy.pl,2020-01-10,45.4,28.2,10.5,8.6,6.4,NA,0.9
Social Changes / wPolityce.pl,2020-01-07,41.0,24.0,16.0,10.0,8.0,NA,1.0
Social Changes / wPolityce.pl,2019-12-31,41.0,23.0,17.0,8.0,9.0,NA,2.0
Social Changes / wPolityce.pl,2019-12-24,41.0,23.0,17.0,8.0,9.0,NA,2.0
IBSP / wp.pl,2019-12-22,39.1,27.9,16.1,7.0,9.8,NA,0.1
Pollster / SE.pl,2019-12-22,43.5,25.5,14.4,8.1,8.0,NA,0.5
"IBRiS / ""Rz""",2019-12-20,39.8,26.8,9.9,7.5,6.1,NA,9.9
Estymator / DoRzeczy.pl,2019-12-20,44.2,27.9,11.8,8.8,6.6,NA,0.7
Kantar Public / TVN,2019-12-18,41.0,27.0,12.0,7.0,7.0,NA,6.0
Social Changes / wPolityce.pl,2019-12-17,40.0,23.0,18.0,7.0,10.0,NA,2.0
Kantar Public,2019-12-11,39.0,26.0,11.0,8.0,6.0,NA,10.0
Social Changes / wPolityce.pl,2019-12-10,40.0,22.0,19.0,10.0,8.0,NA,1.0
IBRiS / RMF,2019-12-07,35.0,25.0,12.0,5.0,7.0,NA,16.0
CBOS,2019-12-05,45.2,21.7,11.2,6.2,6.3,NA,9.4
Social Changes / wPolityce.pl,2019-12-03,40.0,24.0,16.0,9.0,9.0,NA,2.0
Kantar Public / PO,2019-11-30,35.0,28.0,14.0,9.0,12.0,NA,2.0
Pollster / SE.pl,2019-11-27,44.6,23.3,14.9,7.8,8.4,NA,1.0
Social Changes / wPolityce.pl,2019-11-26,40.0,24.0,18.0,10.0,6.0,NA,2.0
"IBRiS / ""Rz""",2019-11-23,39.6,24.8,12.8,6.0,6.2,NA,10.6
Kantar Public,2019-11-20,38.0,27.0,10.0,7.0,6.0,NA,12.0
Social Changes / wPolityce.pl,2019-11-19,40.0,25.0,17.0,8.0,9.0,NA,1.0
CBOS,2019-11-17,45.7,20.0,11.6,8.8,6.2,NA,7.7
Social Changes / wPolityce.pl,2019-11-12,42.0,25.0,15.0,9.0,8.0,NA,1.0
"Kantar Public / ""WO""",2019-11-12,38.0,27.0,14.0,7.0,9.0,NA,5.0
Pollster / SE.pl,2019-11-06,46.4,25.0,12.7,8.8,5.7,NA,1.4
Social Changes / wPolityce.pl,2019-11-05,43.0,24.0,17.0,8.0,7.0,NA,1.0
CBM Indicator / TVP,2019-11-04,44.0,26.1,14.4,8.8,6.2,NA,0.5
Social Changes / wPolityce.pl,2019-10-30,41.1,24.9,15.9,9.8,8.3,NA,0.0
IPSOS / OKO.press,2019-10-23,41.0,23.0,15.0,9.0,7.0,NA,5.0
"IBRiS / ""Rz""",2019-10-19,41.3,21.7,12.3,7.1,6.5,NA,11.1
Kantar Public,2019-10-16,39.0,27.0,14.0,7.0,7.0,NA,6.0